seed,corruption_magnitude,group,count,median_information,median_abs_global_surprise,median_abs_local_surprise,median_global_influence,median_local_influence,mean_global_weight,mean_local_weight,median_local_radius_ratio
0,0.75,ordinary_clean,10527,0.000190404858101,0.7175422887422718,0.6827724445401507,0.0001833045468971,0.0001706226701766,0.9931039744969246,0.9937582354438128,1.0033527616915785
0,0.75,rare_clean,619,0.0008736061472501,0.9025258676444488,0.4144520752443486,0.0014786747904548,0.0003812195170579,0.9805083755210532,0.9994931061267888,2.634202212269191
0,0.75,duplicate_group,2476,0.000165770624466,0.6433665441722894,0.6019235384197748,0.0001337316714251,0.0001252202641914,0.9938132495999824,0.9961957273805916,0.9050409262245178
0,0.75,corrupted,619,0.0001869632821652,1.892510157011076,2.272787524286721,0.0013340185258951,0.0019372105493129,0.9770886901692134,0.9472471264300256,1.0042079804180517
1,0.75,ordinary_clean,10527,0.0001906655051018,0.7238128517048487,0.6686622124482748,0.000188419703629,0.0001651941112262,0.9924273268292728,0.9920441250907268,1.005391380191936
1,0.75,rare_clean,619,0.0008761648800152,0.8562351156354733,0.7323387127702546,0.0013865199800356,0.0010104453906573,0.9788210362482797,0.9870118373853112,2.715727210289777
1,0.75,duplicate_group,2476,0.0001580487344818,0.6854621680243881,0.6405717254176554,0.0001379876546244,0.0001194162211792,0.9941725023457564,0.991784570696896,0.9003151546763094
1,0.75,corrupted,619,0.0001891691100486,1.977295956146517,2.4393455939052724,0.0014003874986824,0.002387315235201,0.9701370493579814,0.9025451908096052,0.9926096946649668
10,0.75,ordinary_clean,10527,0.0001867122689181,0.7155056652662873,0.6623716803385448,0.0001805806994113,0.0001574355753244,0.9927843024910584,0.9951187732302612,1.000199240277967
10,0.75,rare_clean,619,0.000856491165934,0.8834563486944963,0.7109468072144747,0.0014818223405812,0.0011033172215588,0.9780811004897004,0.9873330413170084,2.730278327167623
10,0.75,duplicate_group,2476,0.0001635564779806,0.6786154419674125,0.6384851855205764,0.0001569689723786,0.000135688679387,0.9949140542658104,0.9964025886802952,0.91138272113949
10,0.75,corrupted,619,0.0001794512870284,1.8983189585190343,2.161623066167617,0.0012005532316529,0.0015317102587183,0.973093440616178,0.95836371245116,0.9779843168573126
11,0.75,ordinary_clean,10527,0.0001874590113903,0.6976555849359778,0.660961926583473,0.0001732347621965,0.0001651082449445,0.9924810992070132,0.9925175590347614,1.0011714646326693
11,0.75,rare_clean,619,0.0008334120955675,0.8995913667673958,0.4254801582741749,0.0014581060400974,0.0004041261358725,0.9790888771892328,0.9985445027842996,2.6593754578578888
11,0.75,duplicate_group,2476,0.0001609473085388,0.7448893926813158,0.7355106386416987,0.0001602512444845,0.0001799320693671,0.9933768310194732,0.9908168199284472,0.9160113597882324
11,0.75,corrupted,619,0.0002002604562742,1.915429382764528,2.503843665550469,0.0013764577541151,0.00241419747032,0.972203029681761,0.9005390415942235,1.043792993254241
12,0.75,ordinary_clean,10527,0.0001908134219004,0.7040263130861766,0.660575132376598,0.0001788372613093,0.0001637710611388,0.993396469546372,0.9943747829032076,1.0044218327797707
12,0.75,rare_clean,619,0.0008940764017964,0.8884465786297264,0.7727141953576293,0.0015007475293358,0.0011213085347058,0.9802271527552232,0.9879262329937776,2.6757779512541298
12,0.75,duplicate_group,2476,0.0001661454686449,0.7167279319007118,0.6801097869339376,0.0001443684248368,0.0001419487908219,0.994635961269478,0.9981094360885449,0.9207966047602512
12,0.75,corrupted,619,0.0001900162024668,2.044364172587898,2.319072742369992,0.0015449181705498,0.0020635176425942,0.9667491142096708,0.9396873110061202,0.9972658838149974
13,0.75,ordinary_clean,10527,0.0001866012379465,0.717201803841021,0.6434386499501387,0.0001796955189936,0.0001506105479569,0.9928160884251314,0.994995127463234,1.006422999055388
13,0.75,rare_clean,619,0.0008633520774031,0.9012673343352612,0.7288337388090342,0.0014928952857403,0.0010425594541018,0.9767462821294124,0.9864074620887036,2.691289291971512
13,0.75,duplicate_group,2476,0.0001665919149857,0.7047037500672152,0.6142809757964792,0.000158511230546,0.0001275300236327,0.9914966946475352,0.9949865511337866,0.9082547669336344
13,0.75,corrupted,619,0.0001901189392896,1.963861634074692,2.208360533548382,0.0014321083996888,0.0017889096874204,0.96974283665547,0.9461506886878394,1.0132355463851357
14,0.75,ordinary_clean,10527,0.0001941867746905,0.7067418545301761,0.6546429180101285,0.0001805821535789,0.0001598859439187,0.9932504910968544,0.9939076705989588,1.00724872660886
14,0.75,rare_clean,619,0.000888826533742,0.9308138768879752,0.7042043175538775,0.0015554999540139,0.0010333539614959,0.980898783045394,0.9871294121061648,2.7038271456345324
14,0.75,duplicate_group,2476,0.0001653640479659,0.7210458888029235,0.6393587925323619,0.0001661265956605,0.0001279965895463,0.9963283624228824,0.9987485501213856,0.9054294740525052
14,0.75,corrupted,619,0.0001952154065125,1.9907201784706865,2.450617746589161,0.0014783854999999,0.0023511779008135,0.969395701789904,0.9091829203237028,1.0128257681924693
15,0.75,ordinary_clean,10527,0.0001897270099855,0.7135930911373948,0.6642129664115378,0.0001809204520233,0.0001638702200049,0.9928311529870596,0.9950015528406628,1.0026791518117075
15,0.75,rare_clean,619,0.000906852692317,0.9010900079318048,0.7777395089316084,0.0015708321163871,0.001260898413506,0.980571008687552,0.9907113969955408,2.750801288189832
15,0.75,duplicate_group,2476,0.0001634639181329,0.7302128683926082,0.7063496375477699,0.0001666136570122,0.0001484913604803,0.9889172681167512,0.993693999376118,0.9294366387601716
15,0.75,corrupted,619,0.0001825779354489,1.8402103802563683,2.1331384547209566,0.0012465401982186,0.0016768958425173,0.9799057027005464,0.9416547368956988,0.998093896965935
16,0.75,ordinary_clean,10527,0.0001891115016983,0.7156062182357118,0.6900374096620071,0.0001825929376144,0.0001790448603365,0.9922783379350848,0.9915279290814808,0.9981792781268009
16,0.75,rare_clean,619,0.000886394398992,0.9165667691099884,0.4125208885978357,0.0014351052358326,0.0003961952339032,0.9766098657765756,0.9987278901899092,2.647219710871164
16,0.75,duplicate_group,2476,0.0001633732185277,0.7315261573242501,0.7052125965553682,0.0001610981634695,0.0001584397202227,0.9936557554749808,0.9934749421897744,0.9214195222653117
16,0.75,corrupted,619,0.000191444135661,2.016280223446553,2.586429254970828,0.0014934968148239,0.002605413462217,0.970704071107261,0.8889045408837372,1.017654373953861
17,0.75,ordinary_clean,10527,0.0001874101237469,0.713112900389262,0.6481648071341228,0.0001786322909489,0.0001495998103398,0.9927876585593632,0.9943671048518384,1.0066746083985845
17,0.75,rare_clean,619,0.0008567589674461,0.8886241334942289,0.7750392080500256,0.0014407410119705,0.0010756645489251,0.9782427162098072,0.9848616041364472,2.7003060179516765
17,0.75,duplicate_group,2476,0.0001624688004339,0.7361668241404056,0.6151163331692847,0.0001492374325841,0.0001112650663434,0.9924033842506768,0.9960089369585152,0.9068444989957024
17,0.75,corrupted,619,0.0001858237609584,1.797095026829728,2.09922767496745,0.0011976193431024,0.0015205253728885,0.9748584775702108,0.963720086609772,0.994770748674184
18,0.75,ordinary_clean,10527,0.0001867636290987,0.7059504972220179,0.6478338129944208,0.0001780616096733,0.0001494233902569,0.9926665198754908,0.9942859424568994,1.003152560419881
18,0.75,rare_clean,619,0.0008529633385387,0.9359460396544363,0.7997338780941873,0.0014661319106803,0.0011395063985091,0.9796074252728012,0.9913298396344546,2.7385364268628294
18,0.75,duplicate_group,2476,0.0001653376043093,0.764564151898207,0.6734457054421662,0.0001781584625394,0.0001465211063684,0.9962059729029727,0.9974480638235702,0.9258857778924924
18,0.75,corrupted,619,0.0001820393087692,1.8621490650785189,2.1141264718911823,0.0011995383270394,0.0015805041977211,0.975260455328605,0.964196294523304,0.9753061826899968
19,0.75,ordinary_clean,10527,0.0001866141212913,0.7315352027270707,0.6883848565227825,0.0001862140882804,0.0001782580847688,0.9910889639972372,0.9906542678554175,1.0045316721303836
19,0.75,rare_clean,619,0.0009313296742191,0.8940164624877203,0.4130581661692791,0.0014609799878282,0.0004119970537246,0.9764141889004574,0.99834437566249,2.7195895369416565
19,0.75,duplicate_group,2476,0.0001668765172694,0.6920698505079845,0.6647757178174806,0.0001374802046109,0.0001466242162287,0.994202603898341,0.9960200040323413,0.9335751768188006
19,0.75,corrupted,619,0.0001813468218879,1.948572901703356,2.535713100577273,0.0013417081911694,0.002500162381424,0.973474190382596,0.8838772000438315,0.9972550640928036
2,0.75,ordinary_clean,10527,0.0001909271522977,0.7137520193149379,0.6835095710149376,0.0001820250953633,0.0001738777385668,0.9928665619659184,0.9916559021037294,1.0018033666474255
2,0.75,rare_clean,619,0.0008853922794859,0.9391085963820256,0.7272728660367124,0.0015415547298783,0.0011548811542531,0.9805605786664968,0.9905258795962092,2.70575882117342
2,0.75,duplicate_group,2476,0.0001629903862089,0.6520534670376631,0.6210937822189027,0.000132353688072,0.0001272050696582,0.9932101784659568,0.9972082270167948,0.9069847996984068
2,0.75,corrupted,619,0.0001847344946665,2.0011931728137093,2.617786323982244,0.0013758757255003,0.0026277473132482,0.9700308417493644,0.8917412064528712,0.9783397168517644
3,0.75,ordinary_clean,10527,0.0001917293075921,0.7075160665065517,0.6993348975835972,0.00018004983918,0.0001834312947478,0.99273513157614,0.9931036290342676,1.0042422249115612
3,0.75,rare_clean,619,0.00089213866413,0.875555656402999,0.4310289441287799,0.001526830187423,0.0004203045776478,0.979085601816684,0.9986882976400032,2.7203419660661123
3,0.75,duplicate_group,2476,0.0001648884750669,0.6607683036495846,0.6780211617521936,0.0001397590696622,0.0001455239268093,0.9930862007274208,0.9938721378780396,0.906904807317065
3,0.75,corrupted,619,0.0002013193793311,1.9218677475030157,2.331296461370573,0.0013901856666462,0.0020846773558031,0.9713148605618568,0.934545527636994,1.024957627582542
4,0.75,ordinary_clean,10527,0.0001761018141437,0.7248813319290692,0.6752050406984201,0.0001781697025271,0.0001552383589435,0.9920840290542844,0.9936887369772608,1.0087118132084048
4,0.75,rare_clean,619,0.0008052945159282,0.7097582492033443,0.3690668760852645,0.0009781936133846,0.0002748178510189,0.982736995411134,0.9986842489204968,2.693755102619459
4,0.75,duplicate_group,2476,0.0001530563956653,0.6981410452352876,0.6658798198800597,0.0001356143700996,0.0001223465101995,0.9935021057759228,0.9968327602794472,0.8994621201917645
4,0.75,corrupted,619,0.0001716616199767,1.9034636224321329,2.133328985656372,0.001247471894809,0.0015942570951914,0.9709443641379758,0.94986636088491,0.983237081256326
5,0.75,ordinary_clean,10527,0.0001871792189486,0.7187230566255056,0.7012881106805495,0.0001842543036028,0.0001790149831062,0.9927801827196808,0.9940617971561518,1.0018740284856318
5,0.75,rare_clean,619,0.0008905798574997,0.839217853672419,0.7545425738414808,0.001308380999252,0.001115883305832,0.979874764573484,0.9846239420324314,2.7060765011917693
5,0.75,duplicate_group,2476,0.0001607568616712,0.7266579164277367,0.6802827826336821,0.0001456745762822,0.0001351863594029,0.991438408772544,0.9940748419151492,0.9214433153669472
5,0.75,corrupted,619,0.0001901610812357,1.9643467918888076,2.380159031049935,0.0014011558313636,0.0019603382386418,0.9669269743022691,0.940998595511264,1.0129237836101244
6,0.75,ordinary_clean,10527,0.0001861095123154,0.7274011959856364,0.6693177730979882,0.0001880545295711,0.0001604624709347,0.9924658592703232,0.9932661550778406,0.9992832527732518
6,0.75,rare_clean,619,0.0008528364891263,0.8904084784700859,0.7218372404765668,0.0015253385619474,0.0010405792917021,0.9760252733994826,0.9852095447045024,2.7157786486847466
6,0.75,duplicate_group,2476,0.0001640840965284,0.6290008689614769,0.5816548904489692,0.0001276664650355,0.0001060237721851,0.9945254822853454,0.9945833617144966,0.9137717917903768
6,0.75,corrupted,619,0.0002007332736429,2.0462639312343063,2.4803453316826283,0.0015428777470979,0.0023721859293257,0.9661864056372584,0.905202470363515,1.0156391836713667
7,0.75,ordinary_clean,10527,0.000187514411722,0.7056848897333036,0.6762111616711699,0.0001765137080763,0.0001669351830221,0.992843734282972,0.992674993774668,1.000942591978518
7,0.75,rare_clean,619,0.0008628979844034,0.8687279992840207,0.7072511929338557,0.0013941592997608,0.0010608013861664,0.9819158764620364,0.9849545085501052,2.6928037088321184
7,0.75,duplicate_group,2476,0.0001573417716847,0.7194982411260511,0.6784193422627166,0.0001506649311802,0.0001420621466145,0.9930950368447096,0.9925576580922024,0.9024258348335592
7,0.75,corrupted,619,0.000198332128395,1.954151664897236,2.49178471076059,0.0014772422232681,0.0023792636951233,0.9777520639642652,0.9087404293992296,1.020809373210469
8,0.75,ordinary_clean,10527,0.0001854109588921,0.722217595444275,0.6721990384270526,0.0001823164807845,0.000162465628451,0.9924306611541724,0.993512424451944,1.0057224523039126
8,0.75,rare_clean,619,0.0008509758129052,0.9498640711395252,0.7768928971650052,0.0015022939109513,0.001165598258855,0.9789601375928,0.985168495258443,2.6634516704407787
8,0.75,duplicate_group,2476,0.0001580133925022,0.70803909407193,0.6332396361585305,0.0001457987597876,0.0001255990783428,0.9936004988950192,0.99857794325469,0.8997859700096695
8,0.75,corrupted,619,0.0001873892968048,1.9139189024036047,2.302684680352852,0.0013516102859724,0.0019639535177985,0.9749981377881098,0.9374425182712522,0.9874015363980057
9,0.75,ordinary_clean,10527,0.0001897689312148,0.7198070106797104,0.6705490372311731,0.0001860197059785,0.0001666318757956,0.9926804180754014,0.9939962296401784,1.0049631635580163
9,0.75,rare_clean,619,0.0008937668868524,0.9089709680094368,0.8115374859778526,0.0015922267043859,0.0013508801926486,0.9742832823853486,0.985714313554457,2.735906747597493
9,0.75,duplicate_group,2476,0.0001619506831971,0.7246874121114617,0.6456749022893791,0.0001703935696691,0.0001287517618032,0.9936683808172226,0.9953867694052956,0.9190451298894828
9,0.75,corrupted,619,0.0001896163383719,1.9668173599315693,2.215243827671889,0.0013889778292217,0.0019465794132537,0.9720045798840392,0.930869635463445,1.0062062669147382
0,1.5,ordinary_clean,10527,0.0001898874315006,0.6979130876113226,0.700241679235347,0.0001740975264889,0.0001827156337989,0.9938048909072286,0.991675779038392,1.005405978467898
0,1.5,rare_clean,619,0.0008725046388242,0.8935070808114366,0.4240883074781795,0.0013936138376186,0.0003680692382866,0.980732993868313,0.9993387708660948,2.655077551955219
0,1.5,duplicate_group,2476,0.0001636037317002,0.6963591703828587,0.6884494000421828,0.0001500330482698,0.0001465485931022,0.9961916751478688,0.9921306227532904,0.9087600942785288
0,1.5,corrupted,619,0.0001977314975838,3.270209081347609,4.449499616770341,0.0038967811320952,0.0074543067246808,0.8663679441842839,0.6961387762959124,1.0242681179559732
1,1.5,ordinary_clean,10527,0.0001901576464394,0.6983806267466854,0.6637946908994179,0.0001735222169167,0.0001622033305041,0.9934413578501986,0.9944373775645589,1.0045187288968465
1,1.5,rare_clean,619,0.0008758359105505,0.8578031316706892,0.785571215202108,0.0013531679411207,0.0011707595149232,0.981419785034014,0.9875631293968922,2.725118474911479
1,1.5,duplicate_group,2476,0.0001618701903881,0.7897321023319909,0.7377905557468154,0.0001928353046909,0.0001638209092664,0.9972869924247014,0.9970759430884392,0.9134723140809976
1,1.5,corrupted,619,0.00018832642234,3.3528289587796487,3.931359171334071,0.0041508089042333,0.0056817366174446,0.856505529861511,0.7658125595995207,1.0097183370571408
10,1.5,ordinary_clean,10527,0.0001846304545716,0.7022629310411944,0.6655277789470236,0.0001729498079202,0.0001606724298709,0.9933820998652608,0.9950893913293988,1.005542957911708
10,1.5,rare_clean,619,0.0008510693263837,0.8534435701951452,0.6938185528236831,0.0013811638932042,0.0009327311029431,0.98010448943755,0.9893071759642236,2.725545303878878
10,1.5,duplicate_group,2476,0.0001606467070034,0.720760215965803,0.6520298849364882,0.0001512560591968,0.0001346546416193,0.9948807312674516,0.996754408219007,0.9011851516799751
10,1.5,corrupted,619,0.0001829804794339,3.3826418184688283,3.7096728150962894,0.004120937192504,0.0049525189072434,0.851951328192642,0.7589657296951016,0.9968278345902442
11,1.5,ordinary_clean,10527,0.0001885720552781,0.7010995860725923,0.6697470725213318,0.0001781005246914,0.0001691727396572,0.992863612074731,0.9933383641468012,1.0053875429851231
11,1.5,rare_clean,619,0.0008333943618507,0.9065744431053632,0.4554622472984754,0.0014468903169703,0.0004467872240962,0.9795729409705172,0.9980892879414672,2.6549409705743128
11,1.5,duplicate_group,2476,0.0001583573898572,0.7006019180404486,0.6739746695565833,0.0001423801846259,0.0001397896800703,0.9944756403523296,0.993607296705913,0.9144917462842366
11,1.5,corrupted,619,0.0001917132393001,3.382788467677725,4.265326813053571,0.0040609671464117,0.0070719758158781,0.8520809638974736,0.7150546495347787,0.9976640734516976
12,1.5,ordinary_clean,10527,0.0001911724896769,0.7096658109768895,0.6657943263712043,0.0001827098625497,0.0001623571722429,0.9933722199370312,0.9942929540288388,1.008148901448265
12,1.5,rare_clean,619,0.0008939298902684,0.8870657765815558,0.7696161172771948,0.0014539344796563,0.0010775472582941,0.9809409353365036,0.9883140370084452,2.6841178992903822
12,1.5,duplicate_group,2476,0.0001667123655876,0.7108217633745605,0.6672800947796075,0.0001593410273716,0.0001409046317226,0.994787528383157,0.997560717643023,0.9008027525084672
12,1.5,corrupted,619,0.0001837969322734,3.29880606753357,3.947669182951971,0.0038038200541758,0.0053663391508627,0.8632188737782511,0.7705205387975561,1.012469655346531
13,1.5,ordinary_clean,10527,0.0001864738272238,0.7075694120507874,0.6402916284496712,0.0001758884999658,0.0001476880153982,0.9935248030356002,0.9950654373018044,1.002666184556544
13,1.5,rare_clean,619,0.0008617477532591,0.9018989572503,0.7471343405078765,0.001408155745601,0.0010694404263116,0.9772337620659164,0.9863583359881324,2.6838751149497067
13,1.5,duplicate_group,2476,0.0001645519524572,0.723360166165046,0.6425641400468955,0.0001617000554694,0.000120552324541,0.9923957218718144,0.9980066490669804,0.9184669056792886
13,1.5,corrupted,619,0.0001871004697731,3.4383855913960963,3.9965370986016215,0.0043025950068539,0.0054897672995625,0.8419347962472117,0.7631634315588399,1.0282664060995652
14,1.5,ordinary_clean,10527,0.0001923399810981,0.6996664873297244,0.6860208559171042,0.0001767584436894,0.0001776468388966,0.993315827500044,0.992711666708912,1.0029480632298713
14,1.5,rare_clean,619,0.0008795688008596,0.9259459909812082,0.4074195709840909,0.0015613213569124,0.0003807482536249,0.9823444734672764,0.9991059538310728,2.7043892220862413
14,1.5,duplicate_group,2476,0.0001676844987486,0.7063836066987003,0.6491241414721456,0.0001550988382181,0.0001456438494568,0.9950093209271752,0.9952782120047302,0.9226336939368176
14,1.5,corrupted,619,0.0001972592964198,3.4004017187101048,4.455067506117665,0.004325171617495,0.0078830569595373,0.8464652781974938,0.696458656245875,1.001848290949111
15,1.5,ordinary_clean,10527,0.0001893555240911,0.7065887880358278,0.6949949554418876,0.0001769418778597,0.0001804084796047,0.9927920261994868,0.992626757809108,1.0039999825964727
15,1.5,rare_clean,619,0.0009097199187628,0.8717975707793284,0.4527257681517188,0.0014925620619887,0.0004315593058739,0.9821867651438164,0.9988412073014864,2.769261615604285
15,1.5,duplicate_group,2476,0.0001617632677439,0.7217948157130518,0.7255379144357396,0.0001623649631486,0.0001516765960045,0.9935128048525104,0.995644778101798,0.9101858962768872
15,1.5,corrupted,619,0.0001865297581336,3.3500672863207344,4.143192055015055,0.0042405106976169,0.0067478054327662,0.8516010310404799,0.7361121779537954,0.9941813038342728
16,1.5,ordinary_clean,10527,0.0001888231569443,0.7112819680441749,0.6639305047190438,0.0001789814376692,0.0001639652041649,0.9935426143168138,0.9925360689534958,1.0032170296687772
16,1.5,rare_clean,619,0.0008844252035307,0.8981866993929443,0.7683905943417628,0.0013851716726896,0.0011453981530915,0.9795626212596498,0.9874718546151354,2.654405939892096
16,1.5,duplicate_group,2476,0.0001671238556987,0.7506769010528564,0.6938312369531725,0.0001811586137787,0.0001521144272292,0.99093152123447,0.9933699364947038,0.9207808024978272
16,1.5,corrupted,619,0.0001859156000059,3.3337696441525035,4.4168330409829215,0.0042938531159146,0.0074376384862462,0.8505091038557555,0.7015054734874269,1.0056203291329324
17,1.5,ordinary_clean,10527,0.0001870903688022,0.7081210135570339,0.6457631649921629,0.0001754647935686,0.0001496655992535,0.9929444925423712,0.9945160219019032,1.0055499504087235
17,1.5,rare_clean,619,0.0008571493076895,0.9001790758507335,0.7966744565779882,0.0014723931650046,0.0011503133828064,0.978731922525438,0.986199400879956,2.674280492734436
17,1.5,duplicate_group,2476,0.0001628230405884,0.6670126006024168,0.602196362586024,0.000143062464726,0.0001164282379052,0.9929832246795396,0.9966666121517036,0.9153059077196136
17,1.5,corrupted,619,0.000187011352733,3.463225678089179,3.819780608829468,0.0043205846133379,0.0053910309034016,0.8405377489513041,0.7860583347375203,1.000809798041983
18,1.5,ordinary_clean,10527,0.000186875973539,0.7126695910610921,0.6310560100845674,0.0001814770952033,0.0001484284087456,0.9932088985951651,0.9956658052405796,1.0034972252108358
18,1.5,rare_clean,619,0.0008575809460581,0.9367407617057326,0.7561616069774526,0.0014849064337438,0.0010945435942569,0.97825515834195,0.9927568879901816,2.7080386150406364
18,1.5,duplicate_group,2476,0.0001586046803815,0.7268479668765087,0.6810935989047544,0.0001506172734174,0.0001391353655405,0.9913705213679812,0.9965718765752436,0.9128178139645662
18,1.5,corrupted,619,0.0001916988177059,3.3710219942080246,3.6278918699486735,0.0042104594980745,0.0047951911097958,0.8523831018035078,0.7844888438375088,1.0204117358406697
19,1.5,ordinary_clean,10527,0.0001861898323652,0.7039609376226649,0.6900846318869012,0.0001737103106948,0.0001774393739005,0.9924996820276344,0.9916686709317588,1.0057566242990577
19,1.5,rare_clean,619,0.0009310331137373,0.87296274539902,0.4255455689582882,0.0014439725629594,0.0004228634218447,0.978037873710064,0.9983062169166376,2.7208381970012976
19,1.5,duplicate_group,2476,0.0001625693401072,0.782862222978984,0.7379699061716245,0.0001741984638904,0.0001736145616659,0.9910881776433732,0.9909587818162922,0.907893439547371
19,1.5,corrupted,619,0.0001861459727886,3.373625189533964,4.575126789555251,0.0042393437299004,0.0082172090775497,0.8477459301271573,0.6723093242998128,1.0050507052936082
2,1.5,ordinary_clean,10527,0.0001907841297428,0.6995203963717184,0.6801357788704896,0.0001726946468685,0.0001707150719433,0.9937817153511131,0.9927064530897703,0.999141696555059
2,1.5,rare_clean,619,0.0008848046173108,0.9349635206012402,0.7656595944701537,0.0015176367078621,0.0011784172797273,0.9815539898391366,0.9902983944017044,2.705948159742993
2,1.5,duplicate_group,2476,0.0001666206280738,0.7390479367756637,0.6891600754030583,0.0001761897664183,0.0001440656134816,0.9921301592789136,0.9960444729969616,0.9211999132623792
2,1.5,corrupted,619,0.0001897364768243,3.2729217576844274,4.203126661313572,0.0041261371906609,0.0067026984310662,0.8602272788626176,0.7177929412782982,1.0153718433525132
3,1.5,ordinary_clean,10527,0.0001926403856974,0.7018686086991197,0.6981266680669519,0.000177519817405,0.00018283219847,0.9928932915134108,0.9932729783301192,0.9995102084598412
3,1.5,rare_clean,619,0.0009080762596484,0.883880401906791,0.4381311333779249,0.0014710918677534,0.0004525216796085,0.9801849548559588,0.9986963446989856,2.78010897584268
3,1.5,duplicate_group,2476,0.0001691936262403,0.7258950906227847,0.6780448657724288,0.0001615196957466,0.0001511649954462,0.9947751519021788,0.9943884876671372,0.9288457102080798
3,1.5,corrupted,619,0.0001895076266137,3.3586398490349,4.143661061463608,0.004209011229031,0.0065251601862332,0.8489804970095197,0.7425711790846931,1.0060135077459849
4,1.5,ordinary_clean,10527,0.0001752340629431,0.7211144885924583,0.671558236261842,0.000173811121462,0.0001557877773945,0.991983753626188,0.993695912072216,1.0023036947629946
4,1.5,rare_clean,619,0.0008076538050493,0.7233285424784993,0.3692003517584519,0.0009788780845338,0.0002792891963879,0.9836375046290616,0.9987755015392754,2.6883431578870685
4,1.5,duplicate_group,2476,0.0001586337923689,0.7093173202841558,0.6655891888816056,0.0001524052786596,0.0001418286841511,0.9949562062473034,0.996597265316114,0.917781862086881
4,1.5,corrupted,619,0.0001824407939316,3.40691597424138,4.03662881287662,0.0040062399454766,0.0061125752384147,0.8488351203801408,0.7547836559202669,1.0101145269100913
5,1.5,ordinary_clean,10527,0.0001881098746694,0.7025507669454089,0.6939608080507091,0.0001739389435147,0.0001784154260615,0.9931069577255064,0.9934127462282196,1.008483180396842
5,1.5,rare_clean,619,0.0008909005965468,0.8256103204478717,0.7632218198565585,0.0012895397252036,0.0010679517023754,0.98026648635221,0.9845323630403144,2.7278435823263023
5,1.5,duplicate_group,2476,0.0001584204605282,0.7260159868363095,0.7002009080537603,0.0001612385854019,0.0001444638149233,0.9933880758005276,0.995595403918447,0.8979043697623824
5,1.5,corrupted,619,0.0001827230943594,3.406011527167464,4.309317080757132,0.0041718570795813,0.0066093074467425,0.8441912092065547,0.7197391525377469,0.974242398763502
6,1.5,ordinary_clean,10527,0.0001864660006008,0.7157778123393699,0.6702203823632268,0.0001816261267623,0.0001633008966379,0.9938298460349152,0.9953353818160936,1.0053990562593706
6,1.5,rare_clean,619,0.0008561520620197,0.856180725275683,0.7434889682749275,0.00144736762302,0.0011177155725092,0.9789685614323091,0.98758854334002,2.7256235001606064
6,1.5,duplicate_group,2476,0.0001614027967497,0.6531216399044633,0.5942661083472133,0.000131773844734,0.000106259241722,0.9899675036421482,0.9960392797595844,0.911666996137728
6,1.5,corrupted,619,0.0001916579267115,3.4017697434490084,3.9854116043062495,0.0042204253925772,0.0061733659254417,0.8464914951151298,0.7594566116484397,1.0182234170471325
7,1.5,ordinary_clean,10527,0.0001865121179703,0.6964666624528024,0.6802506925487387,0.0001705817651199,0.0001727744164553,0.9926747324403704,0.9921882826446052,1.00056416033323
7,1.5,rare_clean,619,0.0008587298256711,0.8793611604254169,0.7368122026817878,0.0013838466712481,0.0010778990343769,0.980953102453714,0.98475223877962,2.692804893957069
7,1.5,duplicate_group,2476,0.0001633384349738,0.7435726338551107,0.6863567880389585,0.0001623872653746,0.0001413642118271,0.9936973085809794,0.9963040855392362,0.9184896671225268
7,1.5,corrupted,619,0.0001938943762101,3.482597375904805,4.513898979159289,0.0043378515877689,0.0072167950592384,0.8430911419158245,0.6823823168738173,0.994891995803346
8,1.5,ordinary_clean,10527,0.000184056707051,0.7011237305736798,0.678629209086515,0.0001715201870145,0.0001627355510326,0.993048051041638,0.9919614515810288,1.0064630017443037
8,1.5,rare_clean,619,0.0008463288329108,0.9244371295560876,0.7827213304579441,0.0014045916105476,0.0011319311473472,0.9788063021595628,0.9810041171721282,2.69880785639532
8,1.5,duplicate_group,2476,0.0001580185238513,0.7394374501110907,0.6404666426760877,0.0001555965735837,0.0001213856140935,0.993589362861798,0.9939246696955706,0.9041702165516372
8,1.5,corrupted,619,0.0001853673814982,3.340070570828359,4.290993635268274,0.0038456798848679,0.006733526282738,0.8578979222059091,0.7085423016320813,1.0100758698636845
9,1.5,ordinary_clean,10527,0.000188498170199,0.7013949208533198,0.6519510357224036,0.0001780356646711,0.0001569167312238,0.9934477084153664,0.9944956940754724,0.996819874979967
9,1.5,rare_clean,619,0.0008908884065214,0.9094454784550916,0.7661326104183466,0.0016821298728512,0.0012253857410446,0.9752304800048764,0.9877345760823388,2.7241386090971584
9,1.5,duplicate_group,2476,0.000174907150409,0.7199025347723814,0.6477454703941508,0.0001633075108677,0.0001423482679359,0.9924043603963734,0.9943821546181868,0.9400338614612018
9,1.5,corrupted,619,0.0001842721258738,3.383567805203886,4.201010387627274,0.0041077482453717,0.0068417308239236,0.8497296111891889,0.714873293727472,0.9925365048034652
0,3.0,ordinary_clean,10527,0.0001897476642191,0.6939871445500013,0.6745693477798489,0.0001710421725911,0.0001689060795119,0.9940927978327676,0.9928237670446656,1.003669624279787
0,3.0,rare_clean,619,0.0008720138076872,0.8983679420532914,0.4539850506144637,0.0013702101521942,0.0004289730141715,0.9813487487270524,0.999364933309399,2.637031984816719
0,3.0,duplicate_group,2476,0.0001618524716666,0.7311265535632123,0.7482629811688084,0.0001548620811666,0.0001767829156343,0.9945469760625923,0.9968203669477228,0.9205592296443338
0,3.0,corrupted,619,0.000202361843709,6.2901108269229145,7.927311782608446,0.0149393190063116,0.0252382424136744,0.495244163963609,0.4261834231356753,1.0073504351001157
1,3.0,ordinary_clean,10527,0.0001878758878418,0.7018279500473812,0.6598606829409785,0.0001743789080787,0.0001590418443393,0.993394227583871,0.9940916036508248,1.0030390122166857
1,3.0,rare_clean,619,0.0008761908647157,0.8722390328431439,0.7980071048911873,0.0013507205391745,0.001162934517811,0.9808104407140802,0.9889350811446888,2.717342590903734
1,3.0,duplicate_group,2476,0.0001701365697251,0.6985169416483266,0.6569520647203024,0.0001539366836792,0.0001364546383101,0.9955481762918248,0.9974909333361152,0.9266034034033342
1,3.0,corrupted,619,0.0001932240953358,6.286411491256901,7.6430995737472545,0.0148206546677445,0.0210272802662769,0.4936558428678984,0.4399269751101532,0.979410764787613
10,3.0,ordinary_clean,10527,0.0001862511916362,0.6944422127118928,0.6733568395507704,0.0001688183374434,0.0001683116963242,0.9931981054062102,0.9930562431702414,1.002099906366224
10,3.0,rare_clean,619,0.0008598604549897,0.8732122918133112,0.432297446774077,0.0013419671815244,0.0003990505161937,0.9795148011219824,0.9987437837040222,2.70365030385096
10,3.0,duplicate_group,2476,0.0001648250767561,0.7278983467137411,0.7055428290524443,0.0001676211670499,0.0001643718567973,0.9960983475250638,0.9968974142250676,0.9277533150775102
10,3.0,corrupted,619,0.0001855750141363,6.323823059197538,7.920154429715966,0.0146528634074482,0.0228417336490074,0.4950281103028239,0.4301772736660348,1.0132880516094611
11,3.0,ordinary_clean,10527,0.0001892900807241,0.6797497668777249,0.6680854231464347,0.0001667466623025,0.0001671292488931,0.993086421084034,0.9926229854370126,1.0026358159519118
11,3.0,rare_clean,619,0.0008398062965962,0.8847109807416933,0.4246283309940634,0.0014148986272751,0.000415140703594,0.9801949640197144,0.9984075269552832,2.6488882888392373
11,3.0,duplicate_group,2476,0.0001620405593003,0.7071513828050914,0.6799883915683164,0.0001562205907818,0.0001571602891936,0.9960747352964034,0.9949513367393464,0.92007424577005
11,3.0,corrupted,619,0.0001908353156792,6.2625034084357285,7.916286364442811,0.0147204063081226,0.0274573049829235,0.5010819161236918,0.4176382320360253,1.010148091583595
12,3.0,ordinary_clean,10527,0.000191612437276,0.7002401490152385,0.659315741905352,0.0001758735172455,0.0001610627943944,0.9932595584405548,0.9942787475627776,1.0100304513660208
12,3.0,rare_clean,619,0.0008976211279066,0.8968500971433525,0.7512564413250801,0.0014862172535607,0.0011004199440455,0.9813117060871126,0.9881141690138796,2.692309237691642
12,3.0,duplicate_group,2476,0.0001619186572649,0.6869817598561739,0.6546132425320805,0.0001443942609455,0.0001259359904942,0.995488338841618,0.9945980249082118,0.9023092958276384
12,3.0,corrupted,619,0.0001898043619767,6.471796505351676,7.264752786435418,0.0161401930696736,0.0208245596526232,0.4836416199724185,0.4557875460052259,1.0327179615139164
13,3.0,ordinary_clean,10527,0.0001868117333222,0.7062276745309644,0.6438858518508951,0.0001764876714269,0.0001516177223049,0.9925342458601812,0.9942553761186405,1.0028893690103615
13,3.0,rare_clean,619,0.0008657850162901,0.8916601004798064,0.7397868488964586,0.0014515733970205,0.0011251736298083,0.9770714000280796,0.9862405226831908,2.682176320764446
13,3.0,duplicate_group,2476,0.0001668125999605,0.6714352268934913,0.5799655162515113,0.0001344245389405,0.0001045311927837,0.9950012263417474,0.9971404929463544,0.9257020544572976
13,3.0,corrupted,619,0.0001897269659069,6.577083736288985,7.588464438461309,0.0159749200831805,0.0213716339963093,0.4734378453731396,0.4448561383237488,0.996818569737374
14,3.0,ordinary_clean,10527,0.0001923341233157,0.703655677856921,0.6665994246397767,0.0001786308184923,0.000163481555212,0.9936531979834878,0.9949717848865096,1.002762009744823
14,3.0,rare_clean,619,0.00088390223226,0.902012375995312,0.753529818595044,0.0014863854019739,0.0011252924114432,0.9833302530381464,0.98756601849217,2.70098593140781
14,3.0,duplicate_group,2476,0.0001656942928242,0.6782674197333924,0.6681052226109897,0.0001496745351992,0.0001414973278211,0.9932128643847932,0.9971875524362276,0.9101400970821304
14,3.0,corrupted,619,0.0001932588594093,6.268704569345111,7.580852865858078,0.0151446226580991,0.0209696662632829,0.4933634951015803,0.4468251369466651,1.0133277172094244
15,3.0,ordinary_clean,10527,0.0001899414673053,0.7031710862800232,0.6697024020984171,0.000177236452089,0.0001682947218499,0.9929188308925424,0.9944405637176744,1.010084188061901
15,3.0,rare_clean,619,0.0009118415798623,0.8570309054333988,0.7678330985859321,0.0014099754524625,0.0012155297053402,0.983736967174056,0.9902418305114674,2.767170643597661
15,3.0,duplicate_group,2476,0.0001600436341506,0.7209452426381943,0.6690619323524765,0.0001560109835936,0.0001462323656883,0.9948200168838386,0.9945328596440092,0.8948320024341746
15,3.0,corrupted,619,0.0001844090012154,6.254319266670753,7.060511939616879,0.0144305291182536,0.018748853590357,0.4956060197173579,0.4649816572366203,1.0274718323046006
16,3.0,ordinary_clean,10527,0.0001889558970808,0.6954145065422263,0.6699753898996303,0.0001749506132586,0.0001635626898429,0.9929392322482694,0.9937835868932589,0.99861538333624
16,3.0,rare_clean,619,0.0008835765410189,0.9088719325946688,0.7906424372064839,0.0014489582866684,0.0012152634578435,0.976490131210531,0.986035278612392,2.6489232196366683
16,3.0,duplicate_group,2476,0.0001671798771444,0.742849153168022,0.6459929106393523,0.0001694136424927,0.0001281974541533,0.9945615653626132,0.9992278402671764,0.9217328388460012
16,3.0,corrupted,619,0.0001941390854596,6.449172063346719,7.5971347386000065,0.0156481955170299,0.0226010339603602,0.4852497246675572,0.4424376404905455,1.0271202343708972
17,3.0,ordinary_clean,10527,0.0001889093632652,0.7029589346901475,0.6408490313435189,0.0001728960089362,0.0001520973192713,0.9929582127854226,0.9925609489586812,1.0025778400796843
17,3.0,rare_clean,619,0.0008678003438929,0.9022277900525304,0.737177344622062,0.0015016139252593,0.0010756898209081,0.9785618771196164,0.9837857848220856,2.672461411660421
17,3.0,duplicate_group,2476,0.0001629381491968,0.6842237300800762,0.5968680637571399,0.0001431609710659,0.0001138519161056,0.9921896245083276,0.9947791759820064,0.9187558930509666
17,3.0,corrupted,619,0.0001842903719053,6.420075850356096,7.685749158142983,0.0149088897599198,0.0215435976395534,0.4877107490334284,0.4409810408885867,1.0024008030781717
18,3.0,ordinary_clean,10527,0.000189664574349,0.7009064890905132,0.6527537394665358,0.0001760236537509,0.0001527800586412,0.9918308566704556,0.9938850578372322,1.0059437986591728
18,3.0,rare_clean,619,0.0008671788603369,0.9552694872145924,0.8068581280708068,0.0015796976330095,0.0011885630660509,0.9766357173352332,0.9904325417312916,2.75145964327754
18,3.0,duplicate_group,2476,0.0001645177719939,0.701517982243734,0.6340231908782473,0.0001485131882065,0.0001317819251714,0.9956209906971072,0.9974849846757752,0.91508459256738
18,3.0,corrupted,619,0.0001804161087125,6.625236756023707,7.392008814688145,0.0155802772218376,0.0182770474159553,0.4728067560681542,0.4542032467703694,0.9826898792577872
19,3.0,ordinary_clean,10527,0.0001863790882107,0.7064131833592486,0.660867736413583,0.0001745579065196,0.0001592850484373,0.9924292199728808,0.993955678061531,1.0
19,3.0,rare_clean,619,0.0009344513786941,0.8800855720244963,0.4252207561399025,0.0014494074033456,0.00041504251481,0.9786340890569784,0.9989468562853742,2.6982908253338747
19,3.0,duplicate_group,2476,0.0001616659707757,0.7842801832847478,0.7169992274873589,0.0001829407407634,0.0001608662221904,0.9887369185904116,0.9941097446670448,0.9103317865766865
19,3.0,corrupted,619,0.0001853411456471,6.504598320199594,7.802035836168659,0.0162830247481389,0.0232687723218376,0.4749259316392639,0.4259791534547443,1.0220201640967947
2,3.0,ordinary_clean,10527,0.0001905484433758,0.7027862469329669,0.6739756302152533,0.0001777719278983,0.0001667835397646,0.992931282835116,0.993579707121942,1.0014180760242395
2,3.0,rare_clean,619,0.0008893775521221,0.9337118088102646,0.8267779571724618,0.0015275056921438,0.0012526038177617,0.9785256855637812,0.9900468630726114,2.702724345390477
2,3.0,duplicate_group,2476,0.0001648242933779,0.7211347192890863,0.6635637312991072,0.000151867288093,0.0001387643828691,0.9915858848614424,0.9965016856199882,0.9111570350569442
2,3.0,corrupted,619,0.0001905344706802,6.411742786165074,7.783022992080067,0.0151311257263431,0.0222730810488768,0.485438024362125,0.4301687013330419,1.01211955561222
3,3.0,ordinary_clean,10527,0.0001930075048803,0.6929557181139546,0.6874100369881615,0.0001756563776102,0.0001816622311633,0.9936907289499546,0.9943319692346756,1.0030658480103385
3,3.0,rare_clean,619,0.0009061115432889,0.8451947833674299,0.4258873867976235,0.0015370496839857,0.0004034561309294,0.9782952545542578,0.998770259142601,2.722930602098059
3,3.0,duplicate_group,2476,0.0001677749659808,0.7313568631348576,0.7366783283529129,0.000168739014121,0.0001742554374371,0.99067106165194,0.9925894725529004,0.9148054372226374
3,3.0,corrupted,619,0.0001838983148285,6.301567451826423,7.245432535807849,0.0141845548389469,0.0195242745547686,0.4907813539324454,0.4517209993237612,0.983871856525099
4,3.0,ordinary_clean,10527,0.000176197292777,0.7204876833701648,0.6846944471186207,0.0001755160356563,0.0001600005976753,0.9923138026509184,0.9937021919811092,1.005550234291545
4,3.0,rare_clean,619,0.0008076201019536,0.6906522527216792,0.3793834084766821,0.0009088808253868,0.000275659937919,0.9834807070675884,0.9984287101992916,2.6840589970660425
4,3.0,duplicate_group,2476,0.0001502140489015,0.7299328752601438,0.672164291327763,0.0001484361147206,0.0001325086601221,0.9939696964355572,0.9964208409763672,0.9062508436996448
4,3.0,corrupted,619,0.0001736854354885,6.4625309159331215,7.733290577341689,0.0141250698272444,0.0203663277740338,0.4849252096590032,0.4425655326666196,0.9977111420229952
5,3.0,ordinary_clean,10527,0.000186537315611,0.7099058250611627,0.6973913994071782,0.0001761376155363,0.0001754341844221,0.9929281682007544,0.9935390474591252,1.002113883366226
5,3.0,rare_clean,619,0.0008822654064781,0.8265261129783583,0.7552341349259624,0.0012531449604888,0.0010921059487597,0.9815258250062566,0.9840199632228956,2.706091768315793
5,3.0,duplicate_group,2476,0.0001586576815542,0.7165161837720143,0.674095942078764,0.0001626059022894,0.0001451571634384,0.9929968201270724,0.9957591882506558,0.9042617594860732
5,3.0,corrupted,619,0.0001911255128839,6.518090368845683,7.916016675700093,0.014802365114577,0.022746335908018,0.4853180568593471,0.4262313463888171,1.0136341703311853
6,3.0,ordinary_clean,10527,0.0001863759441101,0.7023449609656228,0.6757117142469596,0.0001741971674345,0.0001668013626982,0.99398775634118,0.994380190314724,1.0048951338147074
6,3.0,rare_clean,619,0.0008535712878786,0.8527658903893879,0.4282187699751588,0.0013544313437906,0.0003845628690138,0.9803122823452488,0.998203290504515,2.706926506081386
6,3.0,duplicate_group,2476,0.0001619073360934,0.7076618329768114,0.6936584633954539,0.0001448785136116,0.0001407283133306,0.9928429226415908,0.9949598247450326,0.9019222392209808
6,3.0,corrupted,619,0.0001881327630684,6.323661166063211,7.826057600894047,0.0150464278237784,0.0224908971011512,0.4934544840549492,0.4432557964084963,1.0335582148106133
7,3.0,ordinary_clean,10527,0.0001868276267242,0.7133133216124143,0.6715265296597472,0.0001791786741004,0.0001630406253105,0.9926421438681476,0.9931561519714024,1.003094147004718
7,3.0,rare_clean,619,0.0008618668141653,0.8721419643698426,0.801504609827111,0.0013816967893665,0.0011151700343122,0.9804480722518588,0.9851759838726504,2.666614598690239
7,3.0,duplicate_group,2476,0.000164587186703,0.7134672202476441,0.635066760434997,0.0001491953939041,0.0001318026703839,0.994708438738553,0.9928764164942644,0.9287205071198462
7,3.0,corrupted,619,0.0001922246209262,6.333509076436074,8.213022423049111,0.0147806375746852,0.0230461558338287,0.4935439792411493,0.4327748410615135,1.0105780403812767
8,3.0,ordinary_clean,10527,0.000185516011947,0.7113911002206673,0.677454136231028,0.0001767877931773,0.0001644566599444,0.9927551150838586,0.9943226989562062,1.0046498620945987
8,3.0,rare_clean,619,0.0008513748435527,0.945330698393698,0.8113653327612729,0.0014851336323962,0.0012449525197724,0.9792984474099806,0.9833856033335066,2.6929995404585174
8,3.0,duplicate_group,2476,0.0001610280210212,0.7298402857353211,0.6689434422673789,0.0001645856211719,0.0001276402533355,0.9931420583573776,0.9959397378638692,0.913015587480884
8,3.0,corrupted,619,0.0001802074587569,6.525311098882256,7.593433657816834,0.0147975346021081,0.0199260827909424,0.4781399141827923,0.4407827821549946,1.0022448713333436
9,3.0,ordinary_clean,10527,0.000189161155903,0.6965209200411416,0.6602832665426922,0.0001763413533573,0.0001624399513348,0.9933415093951806,0.994281034155499,1.0024990749948228
9,3.0,rare_clean,619,0.0008930717977426,0.8926665157513554,0.7646656932438844,0.0015425504962828,0.0012606682371185,0.9768119785484016,0.9872386975352596,2.7315727896151127
9,3.0,duplicate_group,2476,0.0001700166651979,0.7170395454511753,0.6282503450675464,0.000160539161342,0.0001318217860132,0.9909764014234926,0.9954339893655468,0.9316475997660796
9,3.0,corrupted,619,0.000185955846071,6.276466841351257,8.237670826224011,0.0144502915057404,0.0265678205052594,0.4923725962148219,0.4225481218752305,0.9702909655040324
