seed,scenario,level,method,rmse,delta_rmse,mean_corrupt_geom_weight,mean_corrupt_resid_weight,mean_corrupt_combined_weight
8101,nominal,0.0,ridge,0.5431613839992039,0.0,,,
8101,vertical,4.0,ridge,0.5418571582631249,-0.0013042257360790233,1.0,1.0,1.0
8101,leverage,50.0,ridge,0.8879152400363092,0.3447538560371053,1.0,1.0,1.0
8101,mixed,50.0,ridge,0.8265864178588023,0.2834250338595984,1.0,1.0,1.0
8101,gaussian,0.4,ridge,0.537773228431898,-0.0053881555673058745,1.0,1.0,1.0
8101,nominal,0.0,huber,0.5390401955814441,0.0,,,
8101,vertical,4.0,huber,0.5362699853896841,-0.0027702101917600475,1.0,0.30141060965089933,0.30141060965089933
8101,leverage,50.0,huber,0.8619854869209146,0.3229452913394705,1.0,0.8521310075749081,0.8521310075749081
8101,mixed,50.0,huber,0.7914394102594157,0.25239921467797155,1.0,0.6631983410092014,0.6631983410092014
8101,gaussian,0.4,huber,0.5366518596522754,-0.002388335929168761,1.0,0.9777396370842288,0.9777396370842288
8101,nominal,0.0,geometry,0.5430924225166374,0.0,,,
8101,vertical,4.0,geometry,0.5417917477850903,-0.0013006747315470468,1.0,1.0,1.0
8101,leverage,50.0,geometry,0.7275433671428186,0.18445094462618128,0.10385633561427292,1.0,0.10385633561427292
8101,mixed,50.0,geometry,0.7056162730031746,0.16252385048653728,0.10385633561427292,1.0,0.10385633561427292
8101,gaussian,0.4,geometry,0.5376956111361292,-0.005396811380508182,0.9998544596575272,1.0,0.9998544596575272
8101,nominal,0.0,schweppe_type,0.5497406597177193,0.0,,,
8101,vertical,4.0,schweppe_type,0.5467143327772185,-0.0030263269405008675,1.0,0.4529081843317476,0.45290818389170107
8101,leverage,50.0,schweppe_type,0.5449919110766158,-0.0047487486411035285,0.007738706972640731,0.27614549316462805,0.07787744749726845
8101,mixed,50.0,schweppe_type,0.549533608130525,-0.00020705158719436234,0.007738706972640731,0.319858971639021,0.07506605438337767
8101,gaussian,0.4,schweppe_type,0.5486837997709362,-0.001056859946783173,0.9647146533081847,0.9932983106295223,0.9809084119661601
8101,nominal,0.0,bgr,0.5430924225166374,0.0,,,
8101,vertical,4.0,bgr,0.541711989591653,-0.0013804329249843539,1.0,0.6058678281561284,0.6058678281561284
8101,leverage,50.0,bgr,0.5779502768522401,0.034857854335602734,0.10385633561427292,0.520870981141843,0.05404073728827439
8101,mixed,50.0,bgr,0.5757312339157897,0.03263881139915237,0.10385633561427292,0.4653181918621382,0.048532674030140506
8101,gaussian,0.4,bgr,0.5376956111361292,-0.005396811380508182,0.9998544596575272,1.0,0.9998544596575272
8202,nominal,0.0,ridge,0.5762138799532751,0.0,,,
8202,vertical,4.0,ridge,0.5816127590287503,0.005398879075475205,1.0,1.0,1.0
8202,leverage,50.0,ridge,0.9366287769355732,0.3604148969822981,1.0,1.0,1.0
8202,mixed,50.0,ridge,0.9623384772356557,0.3861245972823806,1.0,1.0,1.0
8202,gaussian,0.4,ridge,0.5773251629457502,0.0011112829924750933,1.0,1.0,1.0
8202,nominal,0.0,huber,0.5762891407441384,0.0,,,
8202,vertical,4.0,huber,0.5818185219400255,0.005529381195887084,1.0,0.31700122950103493,0.31700122950103493
8202,leverage,50.0,huber,0.9326181882684138,0.3563290475242754,1.0,0.9242988244863056,0.9242988244863056
8202,mixed,50.0,huber,0.9134014614348515,0.33711232069071306,1.0,0.7562340955652832,0.7562340955652832
8202,gaussian,0.4,huber,0.577414333174153,0.001125192430014632,1.0,0.9789751949415416,0.9789751949415416
8202,nominal,0.0,geometry,0.5760428283146617,0.0,,,
8202,vertical,4.0,geometry,0.5814216710242667,0.005378842709604981,0.9961881457084143,1.0,0.9961881457084143
8202,leverage,50.0,geometry,0.6532433674449624,0.07720053913030067,0.019207695012773328,1.0,0.019207695012773328
8202,mixed,50.0,geometry,0.6510532311570651,0.07501040284240346,0.019207695012773328,1.0,0.019207695012773328
8202,gaussian,0.4,geometry,0.5766619421264224,0.0006191138117607187,0.999105867976535,1.0,0.999105867976535
8202,nominal,0.0,schweppe_type,0.5804954532266944,0.0,,,
8202,vertical,4.0,schweppe_type,0.5919379491501832,0.011442495923488782,0.9462755005769098,0.47636745572354466,0.4629351550705736
8202,leverage,50.0,schweppe_type,0.6098035515067967,0.02930809828010228,0.004872205679573633,0.32431042860680964,0.06791580108459905
8202,mixed,50.0,schweppe_type,0.6075225027732686,0.0270270495465742,0.004872205679573633,0.3050458711979944,0.10200880967926695
8202,gaussian,0.4,schweppe_type,0.5835835579385096,0.0030881047118151983,0.9808466828432288,0.9955843615078763,0.9891035385640324
8202,nominal,0.0,bgr,0.5760428283146617,0.0,,,
8202,vertical,4.0,bgr,0.5818644552003892,0.0058216268857275155,0.9961881457084143,0.6342208540845379,0.6323613683016104
8202,leverage,50.0,bgr,0.5860978182085286,0.010054989893866884,0.019207695012773328,0.2629543514863845,0.0050446355193536725
8202,mixed,50.0,bgr,0.5850007027666067,0.008957874451944958,0.019207695012773328,0.24680073245521802,0.004732605852134103
8202,gaussian,0.4,bgr,0.5766073235636899,0.0005644952490282407,0.999105867976535,0.999905720381387,0.9990236093592886
8303,nominal,0.0,ridge,0.6564036287008495,0.0,,,
8303,vertical,4.0,ridge,0.6816976558182298,0.02529402711738038,1.0,1.0,1.0
8303,leverage,50.0,ridge,0.947810551153389,0.2914069224525395,1.0,1.0,1.0
8303,mixed,50.0,ridge,0.9828347557340185,0.326431127033169,1.0,1.0,1.0
8303,gaussian,0.4,ridge,0.6596190225578861,0.003215393857036619,1.0,1.0,1.0
8303,nominal,0.0,huber,0.6475892885437954,0.0,,,
8303,vertical,4.0,huber,0.6569397855626294,0.009350497018834059,1.0,0.29639737908149427,0.29639737908149427
8303,leverage,50.0,huber,0.9281945176134737,0.28060522906967833,1.0,0.9006355434171577,0.9006355434171577
8303,mixed,50.0,huber,0.9239746187504132,0.2763853302066178,1.0,0.6723232342919625,0.6723232342919625
8303,gaussian,0.4,huber,0.6548391739916112,0.007249885447815796,1.0,0.9770161011166023,0.9770161011166023
8303,nominal,0.0,geometry,0.6557404654182631,0.0,,,
8303,vertical,4.0,geometry,0.6809801563594228,0.02523969094115963,1.0,1.0,1.0
8303,leverage,50.0,geometry,0.7661806335413452,0.1104401681230821,0.02661122184193111,1.0,0.02661122184193111
8303,mixed,50.0,geometry,0.7765382109678078,0.1207977455495447,0.02661122184193111,1.0,0.02661122184193111
8303,gaussian,0.4,geometry,0.6591719032579398,0.0034314378396766987,0.9994415579612153,1.0,0.9994415579612153
8303,nominal,0.0,schweppe_type,0.6415186487795018,0.0,,,
8303,vertical,4.0,schweppe_type,0.6530197478945143,0.011501099115012514,0.986735722222731,0.44492579967168344,0.44234537803083535
8303,leverage,50.0,schweppe_type,0.7257962902227596,0.08427764144325778,0.006084633186518414,0.3953890648040564,0.08909907989735316
8303,mixed,50.0,schweppe_type,0.7248758854012185,0.08335723662171668,0.006084633186518414,0.39737818244220413,0.1734322474838534
8303,gaussian,0.4,schweppe_type,0.6481700221297444,0.006651373350242573,0.9795981305053311,0.9967856259531737,0.9904428827856699
8303,nominal,0.0,bgr,0.6557404654182631,0.0,,,
8303,vertical,4.0,bgr,0.6711234037570128,0.015382938338749708,1.0,0.5985324490214464,0.5985324490214464
8303,leverage,50.0,bgr,0.6851872327788143,0.029446767360551185,0.02661122184193111,0.2788771250500251,0.007402013653367753
8303,mixed,50.0,bgr,0.6843383228737738,0.02859785745551069,0.02661122184193111,0.297257030550151,0.007833077766396088
8303,gaussian,0.4,bgr,0.6591966459756855,0.0034561805574223614,0.9994415579612153,0.9999640762558816,0.9994056342170967
8404,nominal,0.0,ridge,0.6706693314549381,0.0,,,
8404,vertical,4.0,ridge,0.7009600387135896,0.03029070725865146,1.0,1.0,1.0
8404,leverage,50.0,ridge,1.1189483703490724,0.44827903889413423,1.0,1.0,1.0
8404,mixed,50.0,ridge,1.0950917900425268,0.42442245858758865,1.0,1.0,1.0
8404,gaussian,0.4,ridge,0.6697459126569748,-0.0009234187979633157,1.0,1.0,1.0
8404,nominal,0.0,huber,0.6624402857299558,0.0,,,
8404,vertical,4.0,huber,0.6683741900895963,0.005933904359640474,1.0,0.26257239362395823,0.26257239362395823
8404,leverage,50.0,huber,1.125837330721198,0.4633970449912421,1.0,0.9062555321060697,0.9062555321060697
8404,mixed,50.0,huber,1.0534451479395366,0.39100486220958075,1.0,0.6518647286359762,0.6518647286359762
8404,gaussian,0.4,huber,0.6613080677198385,-0.001132218010117314,1.0,0.9630766772854988,0.9630766772854988
8404,nominal,0.0,geometry,0.6700939187413246,0.0,,,
8404,vertical,4.0,geometry,0.7005495371849074,0.0304556184435828,0.9988077609288296,1.0,0.9988077609288296
8404,leverage,50.0,geometry,0.8364695637890359,0.1663756450477113,0.027411661587105552,1.0,0.027411661587105552
8404,mixed,50.0,geometry,0.8294817509611775,0.15938783221985287,0.027411661587105552,1.0,0.027411661587105552
8404,gaussian,0.4,geometry,0.6691032956153169,-0.000990623126007728,0.9995158045063186,1.0,0.9995158045063186
8404,nominal,0.0,schweppe_type,0.6600858839126839,0.0,,,
8404,vertical,4.0,schweppe_type,0.6723178087163609,0.012231924803677074,0.9386900063878577,0.3984936939142773,0.37876175400770584
8404,leverage,50.0,schweppe_type,0.7128692986243352,0.05278341471165138,0.00595543672213725,0.2414407477697431,0.01849389891530089
8404,mixed,50.0,schweppe_type,0.712015978194232,0.051930094281548156,0.00595543672213725,0.19927378216452626,0.09561659821961982
8404,gaussian,0.4,schweppe_type,0.6585714498727228,-0.001514434039961099,0.980449080540081,0.9931730709196078,0.986171407931719
8404,nominal,0.0,bgr,0.6700939187413246,0.0,,,
8404,vertical,4.0,bgr,0.68389964395295,0.013805725211625375,0.9988077609288296,0.5285488937652663,0.5278305350722862
8404,leverage,50.0,bgr,0.6864783671502724,0.016384448408947816,0.027411661587105552,0.273034863185701,0.00743382555422311
8404,mixed,50.0,bgr,0.6867754012778646,0.016681482536540004,0.027411661587105552,0.21336102845741986,0.0058261437560206755
8404,gaussian,0.4,bgr,0.6688302695878351,-0.0012636491534895322,0.9995158045063186,0.999641792378875,0.9991649602486851
8505,nominal,0.0,ridge,0.6104557451910047,0.0,,,
8505,vertical,4.0,ridge,0.631590914203357,0.02113516901235235,1.0,1.0,1.0
8505,leverage,50.0,ridge,0.8839562222387592,0.2735004770477546,1.0,1.0,1.0
8505,mixed,50.0,ridge,0.8738480554700171,0.26339231027901244,1.0,1.0,1.0
8505,gaussian,0.4,ridge,0.6073134337627594,-0.0031423114282452813,1.0,1.0,1.0
8505,nominal,0.0,huber,0.6352371723456262,0.0,,,
8505,vertical,4.0,huber,0.6289978408405159,-0.006239331505110246,1.0,0.2842850158693269,0.2842850158693269
8505,leverage,50.0,huber,0.8496394535359987,0.21440228119037252,1.0,0.9106823227728835,0.9106823227728835
8505,mixed,50.0,huber,0.8125684195441458,0.17733124719851967,1.0,0.7092134018162332,0.7092134018162332
8505,gaussian,0.4,huber,0.6188866890747421,-0.016350483270884064,1.0,0.9745682184784776,0.9745682184784776
8505,nominal,0.0,geometry,0.6117714657308052,0.0,,,
8505,vertical,4.0,geometry,0.6323908190542391,0.020619353323433898,1.0,1.0,1.0
8505,leverage,50.0,geometry,0.7745089653146406,0.16273749958383543,0.10158963668837541,1.0,0.10158963668837541
8505,mixed,50.0,geometry,0.7655279017274945,0.1537564359966893,0.10158963668837541,1.0,0.10158963668837541
8505,gaussian,0.4,geometry,0.6085230178288912,-0.003248447901914031,0.9996639747725979,1.0,0.9996639747725979
8505,nominal,0.0,schweppe_type,0.7681819367943482,0.0,,,
8505,vertical,4.0,schweppe_type,0.7176846580674717,-0.05049727872687648,0.999847662495592,0.4241793088773371,0.4241460907028416
8505,leverage,50.0,schweppe_type,0.8171564184241519,0.04897448162980367,0.007018575176430806,0.47971467828756725,0.21755270173403277
8505,mixed,50.0,schweppe_type,0.8057296613848829,0.03754772459053468,0.007018575176430806,0.44114272450113834,0.09750128186937886
8505,gaussian,0.4,schweppe_type,0.737428504253741,-0.03075343254060725,0.9684197158589269,0.9937745984161537,0.981744304879744
8505,nominal,0.0,bgr,0.6118411536593555,0.0,,,
8505,vertical,4.0,bgr,0.6171733908521103,0.005332237192754774,1.0,0.5735826338747768,0.5735826338747768
8505,leverage,50.0,bgr,0.682713596392755,0.07087244273339943,0.10158963668837541,0.6024020382277137,0.06180538110722943
8505,mixed,50.0,bgr,0.6692803165399065,0.057439162880550954,0.10158963668837541,0.5553470835367404,0.05671252656808079
8505,gaussian,0.4,bgr,0.6091798068769677,-0.00266134678238783,0.9996639747725979,0.9996752229745094,0.9993435186857906
8606,nominal,0.0,ridge,0.6588879085432126,0.0,,,
8606,vertical,4.0,ridge,0.6764597828360975,0.01757187429288498,1.0,1.0,1.0
8606,leverage,50.0,ridge,1.0166873374264132,0.3577994288832006,1.0,1.0,1.0
8606,mixed,50.0,ridge,1.0033486443584765,0.34446073581526393,1.0,1.0,1.0
8606,gaussian,0.4,ridge,0.6788316683217723,0.019943759778559778,1.0,1.0,1.0
8606,nominal,0.0,huber,0.668873967223129,0.0,,,
8606,vertical,4.0,huber,0.6705992188320719,0.0017252516089428793,1.0,0.2925362846281323,0.2925362846281323
8606,leverage,50.0,huber,1.0238258842768702,0.3549519170537412,1.0,0.8821074663156495,0.8821074663156495
8606,mixed,50.0,huber,0.9349532752776507,0.26607930805452173,1.0,0.6261438575363055,0.6261438575363055
8606,gaussian,0.4,huber,0.6939794837929426,0.025105516569813635,1.0,0.978758967918609,0.978758967918609
8606,nominal,0.0,geometry,0.6667036631322855,0.0,,,
8606,vertical,4.0,geometry,0.6866220818918696,0.01991841875958411,1.0,1.0,1.0
8606,leverage,50.0,geometry,0.9159052224419423,0.24920155930965682,0.08304510524518417,1.0,0.08304510524518417
8606,mixed,50.0,geometry,0.8999973171590115,0.23329365402672608,0.08304510524518417,1.0,0.08304510524518417
8606,gaussian,0.4,geometry,0.6879666331055426,0.021262969973257162,0.9963965396322135,1.0,0.9963965396322135
8606,nominal,0.0,schweppe_type,0.6874501585175112,0.0,,,
8606,vertical,4.0,schweppe_type,0.6902953879818408,0.002845229464329524,0.9850779093163841,0.4396255427036732,0.4362629188607821
8606,leverage,50.0,schweppe_type,0.7920837488217226,0.10463359030421138,0.017788697304406784,0.4222358151236378,0.19077177473114845
8606,mixed,50.0,schweppe_type,0.7998097583841215,0.11235959986661026,0.017788697304406784,0.33241441455922777,0.1557215420487713
8606,gaussian,0.4,schweppe_type,0.7172348155966424,0.029784657079131138,0.9710951072281173,0.9960876703453586,0.9880470698511974
8606,nominal,0.0,bgr,0.6667036631322855,0.0,,,
8606,vertical,4.0,bgr,0.6740429140730484,0.007339250940762931,1.0,0.5882646097431514,0.5882646097431514
8606,leverage,50.0,bgr,0.7486424970496893,0.08193883391740386,0.08304510524518417,0.4261639124611542,0.03543040108120927
8606,mixed,50.0,bgr,0.7533492127495487,0.08664554961726323,0.08304510524518417,0.356526304070659,0.02951359678990781
8606,gaussian,0.4,bgr,0.6887542113995742,0.022050548267288694,0.9963965396322135,0.9997159377037531,0.9962098529774692
8707,nominal,0.0,ridge,0.682571461248002,0.0,,,
8707,vertical,4.0,ridge,0.6895910016671456,0.007019540419143544,1.0,1.0,1.0
8707,leverage,50.0,ridge,0.9803722889090101,0.297800827661008,1.0,1.0,1.0
8707,mixed,50.0,ridge,1.0106768853509112,0.3281054241029091,1.0,1.0,1.0
8707,gaussian,0.4,ridge,0.6804497319360366,-0.0021217293119654146,1.0,1.0,1.0
8707,nominal,0.0,huber,0.7558906702996968,0.0,,,
8707,vertical,4.0,huber,0.7516381099849401,-0.004252560314756737,1.0,0.25689595643166846,0.25689595643166846
8707,leverage,50.0,huber,0.9676878840798414,0.2117972137801446,1.0,0.8934660458579389,0.8934660458579389
8707,mixed,50.0,huber,0.9564967763963904,0.2006061060966936,1.0,0.6472168750511814,0.6472168750511814
8707,gaussian,0.4,huber,0.7270001166638612,-0.028890553635835592,1.0,0.9714430638717644,0.9714430638717644
8707,nominal,0.0,geometry,0.7681498170109695,0.0,,,
8707,vertical,4.0,geometry,0.786080573145595,0.01793075613462547,1.0,1.0,1.0
8707,leverage,50.0,geometry,0.7971346851886146,0.028984868177645118,0.025067091886294718,1.0,0.025067091886294718
8707,mixed,50.0,geometry,0.7984394692418473,0.03028965223087776,0.025067091886294718,1.0,0.025067091886294718
8707,gaussian,0.4,geometry,0.7515701726945326,-0.01657964431643688,0.9940158120960155,1.0,0.9940158120960155
8707,nominal,0.0,schweppe_type,0.8576290004788835,0.0,,,
8707,vertical,4.0,schweppe_type,0.8649636606135145,0.007334660134631021,0.9950276664786989,0.3867573852845248,0.3855849061011552
8707,leverage,50.0,schweppe_type,0.8204361640748722,-0.037192836404011276,0.006659923669686231,0.4583017103406081,0.1636648554492762
8707,mixed,50.0,schweppe_type,0.8158052116082954,-0.04182378887058802,0.006659923669686231,0.29604576230104146,0.16602430098689308
8707,gaussian,0.4,schweppe_type,0.8185886857797197,-0.0390403146991638,0.9741084024725849,0.9922213685745986,0.9837508544031338
8707,nominal,0.0,bgr,0.7898351392812138,0.0,,,
8707,vertical,4.0,bgr,0.7925858703326648,0.002750731051450961,1.0,0.5163179115236692,0.5163179115236692
8707,leverage,50.0,bgr,0.7735757545756291,-0.016259384705584745,0.025067091886294718,0.44764978201322353,0.011217418651797878
8707,mixed,50.0,bgr,0.7766996226998605,-0.013135516581353368,0.025067091886294718,0.30174579212030916,0.007543611259893391
8707,gaussian,0.4,bgr,0.7678877281506715,-0.021947411130542327,0.9940158120960155,0.9970648913176721,0.9929961063382248
8808,nominal,0.0,ridge,0.5820408836013916,0.0,,,
8808,vertical,4.0,ridge,0.5861917918567267,0.00415090825533504,1.0,1.0,1.0
8808,leverage,50.0,ridge,0.9425511038715141,0.3605102202701225,1.0,1.0,1.0
8808,mixed,50.0,ridge,0.9776055527552654,0.3955646691538738,1.0,1.0,1.0
8808,gaussian,0.4,ridge,0.5817336809025989,-0.0003072026987926968,1.0,1.0,1.0
8808,nominal,0.0,huber,0.5966596424433973,0.0,,,
8808,vertical,4.0,huber,0.6170920107919391,0.020432368348541785,1.0,0.3008348064543305,0.3008348064543305
8808,leverage,50.0,huber,0.8376466181014488,0.2409869756580515,1.0,0.8780361296611264,0.8780361296611264
8808,mixed,50.0,huber,0.8396835279710957,0.24302388552769838,1.0,0.7806729126827333,0.7806729126827333
8808,gaussian,0.4,huber,0.5989216950673811,0.0022620526239838235,1.0,0.9749369902392745,0.9749369902392745
8808,nominal,0.0,geometry,0.582848841924382,0.0,,,
8808,vertical,4.0,geometry,0.585922573753778,0.003073731829395965,0.995826447858965,1.0,0.995826447858965
8808,leverage,50.0,geometry,0.6256243372309661,0.04277549530658409,0.01921859512554311,1.0,0.01921859512554311
8808,mixed,50.0,geometry,0.632898523868315,0.050049681943933,0.01921859512554311,1.0,0.01921859512554311
8808,gaussian,0.4,geometry,0.5825753600939492,-0.00027348183043285346,0.9994421848299752,1.0,0.9994421848299752
8808,nominal,0.0,schweppe_type,0.6195728664483692,0.0,,,
8808,vertical,4.0,schweppe_type,0.6410268310422175,0.021453964593848296,0.9194704567268757,0.454310549824858,0.42922480170899074
8808,leverage,50.0,schweppe_type,0.63596749129905,0.016394624850680772,0.004738909628046112,0.3056731641769784,0.11561656455282494
8808,mixed,50.0,schweppe_type,0.6292323985506023,0.009659532102233137,0.004738909628046112,0.35471234448952066,0.10346288452499333
8808,gaussian,0.4,schweppe_type,0.6265145481387727,0.006941681690403545,0.9791149370459281,0.9953076370364415,0.988195507231922
8808,nominal,0.0,bgr,0.582848841924382,0.0,,,
8808,vertical,4.0,bgr,0.588465335243842,0.005616493319460014,0.995826447858965,0.6009694321781558,0.5979561870250679
8808,leverage,50.0,bgr,0.5968010730208201,0.013952231096438061,0.01921859512554311,0.2874163728328355,0.0055245502730567305
8808,mixed,50.0,bgr,0.5938409608425511,0.010992118918169091,0.01921859512554311,0.3599534379474261,0.006909008038358802
8808,gaussian,0.4,bgr,0.5826326716908666,-0.00021617023351538922,0.9994421848299752,0.9998707488766513,0.9993129337066263
8909,nominal,0.0,ridge,0.6444482867563205,0.0,,,
8909,vertical,4.0,ridge,0.6422424210785487,-0.002205865677771812,1.0,1.0,1.0
8909,leverage,50.0,ridge,0.9696963682165877,0.3252480814602672,1.0,1.0,1.0
8909,mixed,50.0,ridge,0.9502693084710544,0.3058210217147339,1.0,1.0,1.0
8909,gaussian,0.4,ridge,0.6432071668089155,-0.001241119947404945,1.0,1.0,1.0
8909,nominal,0.0,huber,0.6605153252783921,0.0,,,
8909,vertical,4.0,huber,0.6522425602063565,-0.00827276507203556,1.0,0.27793560716997,0.27793560716997
8909,leverage,50.0,huber,0.9525366728769293,0.29202134759853726,1.0,0.9089086422386887,0.9089086422386887
8909,mixed,50.0,huber,0.8970518304521634,0.23653650517377134,1.0,0.6538102195955718,0.6538102195955718
8909,gaussian,0.4,huber,0.6527943556689713,-0.0077209696094208136,1.0,0.9734193550310395,0.9734193550310395
8909,nominal,0.0,geometry,0.652283123165533,0.0,,,
8909,vertical,4.0,geometry,0.6494109836461969,-0.002872139519336181,1.0,1.0,1.0
8909,leverage,50.0,geometry,0.7090835487697356,0.05680042560420251,0.01330404009711501,1.0,0.01330404009711501
8909,mixed,50.0,geometry,0.7073403154638399,0.055057192298306856,0.01330404009711501,1.0,0.01330404009711501
8909,gaussian,0.4,geometry,0.6493862233910687,-0.00289689977446439,0.9970096181428152,1.0,0.9970096181428152
8909,nominal,0.0,schweppe_type,0.6704747028446361,0.0,,,
8909,vertical,4.0,schweppe_type,0.658584281702661,-0.011890421141975027,0.9943771770026395,0.4177938451564046,0.41646507119053583
8909,leverage,50.0,schweppe_type,0.6956509253782158,0.025176222533579762,0.005249436117900476,0.4086640883634143,0.10268288697749077
8909,mixed,50.0,schweppe_type,0.6937106621854758,0.023235959340839774,0.005249436117900476,0.41009861163396605,0.07347138357411531
8909,gaussian,0.4,schweppe_type,0.6631098788108082,-0.007364824033827877,0.9805805047157556,0.9960288390369031,0.990640085949311
8909,nominal,0.0,bgr,0.6537885094309819,0.0,,,
8909,vertical,4.0,bgr,0.6471958928792796,-0.0065926165517022906,1.0,0.561445680168734,0.561445680168734
8909,leverage,50.0,bgr,0.6567380780191041,0.002949568588122231,0.01330404009711501,0.2948418444552571,0.003937209573843755
8909,mixed,50.0,bgr,0.6562846415882572,0.002496132157275288,0.01330404009711501,0.26281747027990177,0.003491407552149999
8909,gaussian,0.4,bgr,0.6503225725144003,-0.003465936916581591,0.9970096181428152,0.9996910875362092,0.9968034890568015
9010,nominal,0.0,ridge,0.5934452281699801,0.0,,,
9010,vertical,4.0,ridge,0.5946395836366158,0.0011943554666357103,1.0,1.0,1.0
9010,leverage,50.0,ridge,0.9988592180000576,0.4054139898300775,1.0,1.0,1.0
9010,mixed,50.0,ridge,1.0107163198935356,0.4172710917235555,1.0,1.0,1.0
9010,gaussian,0.4,ridge,0.6005142781194976,0.007069049949517514,1.0,1.0,1.0
9010,nominal,0.0,huber,0.5914679155984772,0.0,,,
9010,vertical,4.0,huber,0.584593134897435,-0.0068747807010421935,1.0,0.29218739194731885,0.29218739194731885
9010,leverage,50.0,huber,0.994103943871218,0.4026360282727408,1.0,0.9468706415222039,0.9468706415222039
9010,mixed,50.0,huber,0.9096617545684725,0.3181938389699953,1.0,0.6277316267910563,0.6277316267910563
9010,gaussian,0.4,huber,0.600090907944213,0.008622992345735825,1.0,0.9728051546562274,0.9728051546562274
9010,nominal,0.0,geometry,0.5931815064898198,0.0,,,
9010,vertical,4.0,geometry,0.5942818334493647,0.0011003269595448728,0.9979719421506871,1.0,0.9979719421506871
9010,leverage,50.0,geometry,0.7072750472905053,0.11409354080068546,0.020057787695863444,1.0,0.020057787695863444
9010,mixed,50.0,geometry,0.70866104443855,0.11547953794873023,0.020057787695863444,1.0,0.020057787695863444
9010,gaussian,0.4,geometry,0.6002766260526847,0.007095119562864904,0.9992847599365386,1.0,0.9992847599365386
9010,nominal,0.0,schweppe_type,0.5916277721808297,0.0,,,
9010,vertical,4.0,schweppe_type,0.5847841624266462,-0.006843609754183522,0.9682967001027013,0.4397284359370223,0.43243956468119565
9010,leverage,50.0,schweppe_type,0.6368774189609865,0.04524964678015675,0.005754748076927833,0.2712189230389628,0.10811935684053307
9010,mixed,50.0,schweppe_type,0.6363266782764703,0.044698906095640534,0.005754748076927833,0.24896940272089269,0.04157099104107405
9010,gaussian,0.4,schweppe_type,0.5988873751515764,0.007259602970746681,0.9782740986522094,0.9963102270907565,0.9909341512903542
9010,nominal,0.0,bgr,0.5931815064898198,0.0,,,
9010,vertical,4.0,bgr,0.5864522077340755,-0.006729298755744351,0.9979719421506871,0.5855283089981029,0.5845003404918843
9010,leverage,50.0,bgr,0.6031013807987876,0.009919874308967791,0.020057787695863444,0.238043104734426,0.00480127475706457
9010,mixed,50.0,bgr,0.6035018073285796,0.010320300838759788,0.020057787695863444,0.26847902148819336,0.005413369481437571
9010,gaussian,0.4,bgr,0.6001663829254836,0.0069848764356638116,0.9992847599365386,0.9997296733389359,0.9990144332754745
