rep,player,shapley_information,register_information_average,shapley_predictive,register_predictive_average
0,0,0.10598968017996917,0.10598968017996915,-0.0021376855965519084,-0.0021376855965519028
0,1,0.14357149244713566,0.14357149244713535,0.057100753588486514,0.05710075358848653
0,2,0.0481019518905966,0.048101951890596455,0.0081677803462138,0.008167780346213745
0,3,0.3051263145301242,0.30512631453012423,0.06176923229481414,0.06176923229481414
0,4,0.25119405523076077,0.25119405523076077,0.006915933273039222,0.0069159332730392275
0,5,0.21435742679192435,0.2143574267919243,0.07496363444186534,0.07496363444186535
0,6,0.11592841754587153,0.1159284175458716,0.0035263034552243957,0.0035263034552244776
0,7,0.13849997663917984,0.1384999766391799,0.03558728277821417,0.03558728277821417
1,0,0.11541314538901674,0.11541314538901687,0.0891360742062389,0.08913607420623888
1,1,0.2257524515375967,0.22575245153759682,0.0368232926202987,0.03682329262029868
1,2,0.3633287670198948,0.363328767019895,-0.02928870213646628,-0.029288702136466324
1,3,0.2645735122205011,0.26457351222050124,-0.001685842358567714,-0.0016858423585677644
1,4,0.0766081836563669,0.07660818365636696,0.016130851198931616,0.01613085119893161
1,5,0.127182384232857,0.1271823842328569,0.0003372702332349846,0.00033727023323497325
1,6,0.279692704355352,0.2796927043553522,0.1359138862081262,0.1359138862081262
1,7,0.10435417260728874,0.104354172607289,-0.025817541791841085,-0.025817541791841116
2,0,0.2379820764599903,0.23798207645999025,0.006286213498220146,0.006286213498220161
2,1,0.3175393603664458,0.3175393603664458,0.007230559611109943,0.0072305596111099405
2,2,0.22154097528930652,0.2215409752893065,0.0029182814155464766,0.0029182814155464852
2,3,0.10819543916142202,0.10819543916142209,-2.332515120743951e-05,-2.3325151207433243e-05
2,4,0.18980354600280322,0.18980354600280303,-0.010735410234589439,-0.010735410234589446
2,5,0.01477172775583454,0.014771727755834515,0.0006050394644679206,0.00060503946446792
2,6,0.15218137628500775,0.15218137628500764,0.006671659469004823,0.006671659469004864
2,7,0.34662361076691167,0.3466236107669117,0.0011020123271113114,0.0011020123271112863
3,0,0.11116970550989601,0.11116970550989569,0.02815756761494163,0.028157567614941627
3,1,0.1825884702923757,0.1825884702923755,0.06626400578987812,0.06626400578987812
3,2,0.22919064448951063,0.2291906444895106,0.04233301730715906,0.042333017307159146
3,3,0.23807738001925824,0.2380773800192584,0.04028310899607275,0.04028310899607292
3,4,0.13881107809960966,0.13881107809960974,0.0006399197577408488,0.0006399197577409191
3,5,0.13342586149263103,0.13342586149263097,0.06367823201684722,0.06367823201684733
3,6,0.11575194840015081,0.11575194840015064,0.004529665186655595,0.00452966518665558
3,7,0.19852976294276228,0.19852976294276228,0.06041425186859415,0.06041425186859416
4,0,0.22511189517068214,0.22511189517068186,0.1056004823954506,0.10560048239545074
4,1,0.11881257826506224,0.11881257826506235,0.005198724999532401,0.0051987249995324196
4,2,0.16662670299900414,0.16662670299900414,0.08822526730304071,0.08822526730304067
4,3,0.24203350708696136,0.24203350708696145,0.0547845701644125,0.054784570164412516
4,4,0.2889727058404504,0.2889727058404502,0.028794743809844942,0.028794743809845088
4,5,0.2330292555986585,0.23302925559865859,0.029525698157767583,0.029525698157767538
4,6,0.09918969688958355,0.09918969688958346,0.016161522612212702,0.01616152261221266
4,7,0.3257613156947935,0.32576131569479333,0.17348208209128854,0.1734820820912887
5,0,0.1616966157921396,0.16169661579213954,-0.03810797929166887,-0.03810797929166896
5,1,0.05793332936986572,0.05793332936986573,0.041425567462755844,0.0414255674627558
5,2,0.09613145150325171,0.09613145150325168,0.05158125248531194,0.051581252485312014
5,3,0.3997433886832031,0.39974338868320347,-0.0027681459442216727,-0.0027681459442216397
5,4,0.26485069474361234,0.2648506947436125,0.0034205648918602598,0.003420564891860275
5,5,0.234616224334466,0.23461622433446605,-0.03113422289073849,-0.03113422289073846
5,6,0.45261164059736053,0.4526116405973606,0.10570732120505626,0.10570732120505621
5,7,0.09481080769562723,0.09481080769562708,0.02271975772271237,0.022719757722712373
6,0,0.2650208158075631,0.26502081580756304,0.09138975736736728,0.09138975736736724
6,1,0.10417141742180361,0.10417141742180346,0.004966764456423282,0.0049667644564233195
6,2,0.059932822588198646,0.05993282258819862,0.012631968432280335,0.0126319684322803
6,3,0.15106513114671893,0.151065131146719,0.0197960353237759,0.019796035323775944
6,4,0.017144982417113038,0.017144982417113076,-0.0022499279472148023,-0.002249927947214883
6,5,0.1797271501362704,0.1797271501362704,0.007453422989729764,0.007453422989729765
6,6,0.07158963766238607,0.07158963766238624,0.011004991658983408,0.011004991658983429
6,7,0.2788369699954253,0.2788369699954254,0.02677098595760118,0.0267709859576011
7,0,0.3585122520616442,0.3585122520616444,0.04088619420249803,0.04088619420249809
7,1,0.2707560041486153,0.2707560041486154,0.012381495848231804,0.012381495848231856
7,2,0.5686683228019133,0.5686683228019134,-0.001864492284825965,-0.0018644922848259663
7,3,0.26714198559294733,0.26714198559294755,0.06088736823132958,0.06088736823132953
7,4,0.1600418543735047,0.16004185437350502,0.0023786636473543546,0.002378663647354359
7,5,0.11748327285757763,0.11748327285757772,0.025554990757859487,0.02555499075785949
7,6,0.16732310843305995,0.16732310843305995,-0.0023684765150303482,-0.0023684765150302827
7,7,0.17266535189229715,0.1726653518922973,-0.028372498846294076,-0.028372498846294034
8,0,0.16665623448968986,0.16665623448968972,0.06690965106859381,0.0669096510685938
8,1,0.17512774103541326,0.17512774103541306,0.04185045484794017,0.04185045484794024
8,2,0.449779218645074,0.4497792186450737,0.023919833960362808,0.02391983396036275
8,3,0.1030933342922165,0.10309333429221643,-0.005569029248292698,-0.005569029248292687
8,4,0.1638441114190356,0.16384411141903577,-6.806759017064499e-05,-6.806759017072392e-05
8,5,0.10820852762502964,0.10820852762502957,0.05605711680867261,0.056057116808672584
8,6,0.21912935012087728,0.21912935012087714,0.04400727325240096,0.04400727325240093
8,7,0.16273946641386713,0.16273946641386708,-0.0015160299606911726,-0.0015160299606912235
9,0,0.1103099137585249,0.11030991375852495,0.08474504095726944,0.08474504095726956
9,1,0.3075378432716725,0.3075378432716728,0.07468627277737899,0.07468627277737909
9,2,0.029557742636230917,0.02955774263623092,-0.008523838241167326,-0.008523838241167175
9,3,0.37978898142944223,0.3797889814294422,-0.01987855145459568,-0.019878551454595734
9,4,0.48105001573416545,0.48105001573416545,0.016841488252171445,0.016841488252171577
9,5,0.23433824445299922,0.2343382444529995,-0.001327538473366618,-0.0013275384733667283
9,6,0.14087282322461087,0.1408728232246109,0.15055966961603884,0.15055966961603878
9,7,0.0286390419071489,0.028639041907148943,0.03318691713992591,0.033186917139925984
10,0,0.31260315987801496,0.3126031598780146,0.019162824167985076,0.01916282416798528
10,1,0.16289419085006007,0.16289419085006002,0.036606224586037815,0.03660622458603767
10,2,0.20320322543188124,0.20320322543188135,0.02162122373473423,0.021621223734734112
10,3,0.2969614371519473,0.29696143715194734,0.029231221419205967,0.029231221419205842
10,4,0.4494858158169343,0.44948581581693414,0.4715925441283578,0.4715925441283577
10,5,0.2124438125547219,0.2124438125547217,0.06241254304513547,0.0624125430451356
10,6,0.021142625293355963,0.02114262529335591,-0.06421995659468543,-0.0642199565946856
10,7,0.04848720450450138,0.04848720450450126,0.19674090655184168,0.19674090655184154
11,0,0.039837814919010596,0.0398378149190106,0.0012981267164851266,0.0012981267164851452
11,1,0.1281966569284412,0.12819665692844143,0.0036186893159532788,0.0036186893159532592
11,2,0.03849685227300303,0.038496852273003056,-0.019660397873487282,-0.019660397873487244
11,3,0.08437561668470384,0.08437561668470392,0.07532745771694091,0.075327457716941
11,4,0.25292277739000935,0.25292277739000946,0.04999785772917595,0.04999785772917606
11,5,0.05137641393742839,0.05137641393742844,0.04244405177309479,0.04244405177309489
11,6,0.12877339989401537,0.1287733998940155,0.0021718729219365115,0.002171872921936536
11,7,0.02221903558973023,0.022219035589730186,-0.0022117686792338005,-0.0022117686792338274
12,0,0.2593618833820187,0.25936188338201865,0.007925145453093092,0.007925145453092933
12,1,0.07731654166036782,0.0773165416603679,0.007110842878094113,0.007110842878094058
12,2,0.31227094887945805,0.31227094887945805,0.009962741082090693,0.009962741082090831
12,3,0.15805807685576131,0.15805807685576115,0.016758727910646816,0.016758727910646774
12,4,0.24029632133456819,0.24029632133456805,0.15723660705941253,0.1572366070594125
12,5,0.10721309682787576,0.10721309682787569,-0.0024481251272596804,-0.002448125127259809
12,6,0.37368843109985184,0.3736884310998517,0.015272197537810336,0.015272197537810277
12,7,0.08577501185422091,0.08577501185422066,0.0180338224642652,0.018033822464265194
13,0,0.012008782340251193,0.012008782340251309,-0.001657966474113299,-0.0016579664741133062
13,1,0.27001584484781205,0.27001584484781227,0.005313926004818829,0.005313926004818804
13,2,0.32884871821501954,0.3288487182150198,0.015664274610878427,0.015664274610878437
13,3,0.050427902729436466,0.05042790272943653,0.008280776044598415,0.008280776044598414
13,4,0.22809999851025523,0.2280999985102552,0.013613009124338452,0.013613009124338457
13,5,0.16070698165374941,0.16070698165374953,0.006801041889865723,0.006801041889865733
13,6,0.2388760315653079,0.23887603156530776,-0.00815622485846056,-0.008156224858460591
13,7,0.06610236465064073,0.06610236465064087,0.0012241351820141974,0.0012241351820141953
14,0,0.18712550613980797,0.18712550613980802,0.0872631785671329,0.08726317856713293
14,1,0.17200782326115444,0.17200782326115469,0.02981280917187809,0.029812809171878084
14,2,0.12235517469440477,0.12235517469440468,0.060542132988956596,0.060542132988956554
14,3,0.5903914505604003,0.5903914505604002,0.06254320329330915,0.06254320329330923
14,4,0.1691631008562801,0.16916310085628028,0.04613580746072571,0.04613580746072572
14,5,0.575391245215974,0.5753912452159741,-0.04569611176333173,-0.04569611176333169
14,6,0.22212313896095762,0.22212313896095764,0.07292101884772499,0.07292101884772507
14,7,0.11635073737075523,0.11635073737075512,0.023936406488810374,0.023936406488810423
15,0,0.09625229280938273,0.09625229280938266,0.0012730893443364207,0.0012730893443364212
15,1,0.17874091606956583,0.1787409160695658,-0.00021173219614475719,-0.0002117321961447343
15,2,0.09628234469130913,0.09628234469130886,0.00020964079460657298,0.00020964079460659068
15,3,0.08594260077593671,0.0859426007759365,0.0012586812227250088,0.001258681222725013
15,4,0.3000226546726044,0.3000226546726044,-0.003890522702160072,-0.0038905227021600952
15,5,0.13766797513636567,0.13766797513636572,-0.0010034657953553567,-0.0010034657953553552
15,6,0.07149095492802598,0.07149095492802589,-0.0014293368549598774,-0.0014293368549598625
15,7,0.11156887313402976,0.11156887313402962,0.0019072514014571859,0.0019072514014571791
16,0,0.20924638997196904,0.20924638997196882,0.02183891123931824,0.02183891123931824
16,1,0.2449316342075486,0.24493163420754888,-0.000952088489177039,-0.0009520884891769704
16,2,0.06785490332177871,0.0678549033217785,0.01630722317008142,0.016307223170081455
16,3,0.3189905102829138,0.31899051028291364,0.04136808506102582,0.04136808506102584
16,4,0.10589573080036732,0.10589573080036724,0.008506484736325391,0.0085064847363255
16,5,0.07228519307322114,0.07228519307322111,0.0017137046070506128,0.0017137046070506495
16,6,0.3778723066349035,0.3778723066349035,0.00610725460961717,0.006107254609617202
16,7,0.31995417510062135,0.3199541751006213,0.02902253996268899,0.029022539962688974
17,0,0.22312439326724912,0.22312439326724906,0.03248393511416044,0.03248393511416043
17,1,0.10985583460709425,0.10985583460709414,-0.002418824921143778,-0.0024188249211437762
17,2,0.1559247630518738,0.15592476305187356,0.005450801872350289,0.005450801872350245
17,3,0.49196758405967556,0.49196758405967544,0.028047735358371566,0.028047735358371552
17,4,0.19020613714989523,0.19020613714989518,0.028029514214000205,0.028029514214000177
17,5,0.020992740582438232,0.02099274058243804,0.0021845786754035273,0.0021845786754035516
17,6,0.29880945825124605,0.298809458251246,0.023668685000591223,0.02366868500059119
17,7,0.11133757326012549,0.11133757326012525,0.04819100868959382,0.04819100868959379
18,0,0.10146706524974575,0.10146706524974575,-0.0005150618359259372,-0.0005150618359258694
18,1,0.06495290217807619,0.06495290217807623,-0.0004442740761373039,-0.000444274076137299
18,2,0.42612370125727783,0.4261237012572778,0.016041027847265216,0.016041027847265143
18,3,0.2522146433195839,0.252214643319584,0.0011108112072253393,0.0011108112072253393
18,4,0.1474205392815867,0.1474205392815867,0.026316890220912045,0.026316890220912045
18,5,0.4242388599070524,0.42423885990705257,0.0039214559889087005,0.003921455988908707
18,6,0.04267179137891953,0.04267179137891958,0.002344537451905986,0.0023445374519060064
18,7,0.028098111115220238,0.02809811111522042,-0.0023512654993603464,-0.002351265499360318
19,0,0.11605894173355523,0.11605894173355522,0.0015279344238326056,0.0015279344238326327
19,1,0.27607879190640994,0.27607879190640977,0.01348437300913201,0.013484373009132041
19,2,0.030780051374808055,0.0307800513748082,-0.0032818958751675955,-0.00328189587516764
19,3,0.24989390795098998,0.24989390795099,0.06192276668526203,0.06192276668526204
19,4,0.23592552439466224,0.23592552439466238,0.00565605545036288,0.005656055450362834
19,5,0.20926513893664284,0.20926513893664292,-0.002281744241703944,-0.0022817442417039317
19,6,0.014882702575298262,0.014882702575298168,0.0027196972220844833,0.0027196972220845054
19,7,0.159190448482506,0.15919044848250608,0.030377223988926214,0.03037722398892629
20,0,0.5556180557821164,0.5556180557821165,0.16624768269317958,0.16624768269317958
20,1,0.011132148774353241,0.011132148774353208,0.0028680233616803887,0.0028680233616807096
20,2,0.05627429172595799,0.05627429172595792,0.0008126071270036149,0.0008126071270035141
20,3,0.08022747385364788,0.08022747385364784,0.07662176932864367,0.07662176932864376
20,4,0.21123506906219977,0.21123506906219974,0.1272315575424461,0.12723155754244608
20,5,0.4408416978295131,0.4408416978295129,0.14780092285602528,0.14780092285602534
20,6,0.12990296584166908,0.1299029658416691,0.004669136485975914,0.004669136485976028
20,7,0.070997745633934,0.07099774563393399,-0.01244892215907624,-0.012448922159076236
21,0,0.013831165402984052,0.013831165402984132,0.0020556498718636127,0.002055649871863099
21,1,0.4739800128347199,0.47398001283472013,0.4721025733589779,0.47210257335897776
21,2,0.28004971191690414,0.2800497119169042,0.20116184344631868,0.20116184344631854
21,3,0.1352039120635789,0.13520391206357885,0.006782470082972806,0.0067824700829729
21,4,0.10155783825426132,0.10155783825426123,0.056827191956665205,0.05682719195666513
21,5,0.11219760143282108,0.11219760143282104,0.016865569184133445,0.016865569184133435
21,6,0.06506487723994447,0.06506487723994445,0.10109408597791336,0.10109408597791333
21,7,0.2545421397693383,0.25454213976933826,-0.014294308251377522,-0.014294308251377466
22,0,0.3710072313067394,0.37100723130673946,-0.0020639703175214684,-0.002063970317521487
22,1,0.0413153925657069,0.04131539256570706,0.007825002940003907,0.007825002940003826
22,2,0.22844620176540206,0.22844620176540203,-0.001916268504881607,-0.0019162685048816626
22,3,0.31075652136342524,0.3107565213634254,-0.00207034713119322,-0.0020703471311932526
22,4,0.0843921654950794,0.08439216549507944,0.017785336006057747,0.017785336006057723
22,5,0.17196010464861108,0.171960104648611,-0.010738955618844845,-0.010738955618844848
22,6,0.25254784151728593,0.2525478415172858,-0.0002924646532530492,-0.0002924646532530865
22,7,0.033054471633400806,0.03305447163340081,8.855843813811176e-05,8.855843813812604e-05
23,0,0.07868388846304074,0.07868388846304071,0.01296656424897797,0.01296656424897803
23,1,0.03372917035286012,0.03372917035286013,0.00871053689384274,0.008710536893842897
23,2,0.5208612933094752,0.5208612933094754,0.05924729771073204,0.059247297710732005
23,3,0.08420467145504516,0.08420467145504534,0.0023866611397581417,0.002386661139758034
23,4,0.08741769959956068,0.0874176995995608,0.027391026407330175,0.027391026407330165
23,5,0.17599503426852248,0.17599503426852275,0.057308249316939994,0.05730824931693991
23,6,0.3226040196059773,0.32260401960597757,0.04389973923235936,0.04389973923235932
23,7,0.052695304334255774,0.05269530433425592,0.003679666411352501,0.003679666411352606
24,0,0.15566189470370834,0.15566189470370836,0.011761554948297155,0.011761554948297167
24,1,0.2564132158425346,0.2564132158425344,0.01678873894449618,0.016788738944496173
24,2,0.15008721293871669,0.15008721293871638,-0.0011899783366472068,-0.001189978336647239
24,3,0.13350335969177318,0.13350335969177318,0.03174233907619878,0.031742339076198764
24,4,0.37853258298969755,0.37853258298969755,-0.021811819021905765,-0.021811819021905796
24,5,0.13441200276037857,0.1344120027603785,0.0005825930839004599,0.0005825930839004206
24,6,0.2304721139185694,0.23047211391856917,0.005920944882146489,0.005920944882146486
24,7,0.006745471236346622,0.0067454712363465424,0.0008391586613116833,0.000839158661311648
25,0,0.04726499352559902,0.04726499352559907,0.00016846860100825265,0.0001684686010081588
25,1,0.14408033570640352,0.14408033570640352,0.07620911947695137,0.0762091194769512
25,2,0.16533579094278292,0.1653357909427828,0.01927527921787605,0.019275279217875863
25,3,0.3532279147200764,0.3532279147200765,0.033361464103643476,0.033361464103643185
25,4,0.31856198270705766,0.3185619827070578,0.12188479086226306,0.12188479086226299
25,5,0.22391655072778344,0.22391655072778363,0.15150513323339712,0.15150513323339665
25,6,0.16605023935484625,0.16605023935484614,0.09194164399792774,0.091941643997927
25,7,0.5970283232044296,0.5970283232044297,0.38631873385465054,0.3863187338546507
26,0,0.18091123651230478,0.18091123651230478,0.08825318529817221,0.08825318529817212
26,1,0.23404758642619944,0.2340475864261991,0.14413732741682542,0.1441373274168255
26,2,0.3681068722924822,0.3681068722924823,0.026281488163974874,0.026281488163974853
26,3,0.3250236906752498,0.32502369067524933,0.020003526081252155,0.02000352608125249
26,4,0.022769278958784247,0.02276927895878408,-0.002760586517788899,-0.0027605865177887617
26,5,0.3321382424774644,0.3321382424774643,0.22544084928777156,0.22544084928777153
26,6,0.35682216725018057,0.35682216725018057,0.21539682636560573,0.21539682636560573
26,7,0.1846876019625722,0.18468760196257236,0.13359520030384647,0.1335952003038466
27,0,0.22955823989653062,0.2295582398965306,-0.005292352988410538,-0.0052923529884112775
27,1,0.19564420101352992,0.19564420101352994,0.09369909270064355,0.09369909270064167
27,2,0.05142352581481439,0.05142352581481458,0.02582097937008285,0.025820979370082535
27,3,0.43536220734176967,0.43536220734176956,0.3169086167540217,0.31690861675402165
27,4,0.24246056939075822,0.2424605693907583,0.09446403388179803,0.09446403388179833
27,5,0.36077794899237026,0.3607779489923703,0.18406494027035447,0.18406494027035414
27,6,0.1547387788908128,0.15473877889081267,0.3367765096872374,0.3367765096872375
27,7,0.17799083767607196,0.17799083767607204,0.19547792625933363,0.19547792625933294
28,0,0.2116728758475611,0.211672875847561,0.03292229614773228,0.032922296147732226
28,1,0.07889171937570089,0.07889171937570082,-0.0058038708534817445,-0.005803870853481777
28,2,0.14053211228180632,0.1405321122818062,0.023064844646078574,0.02306484464607858
28,3,0.19472698461810853,0.1947269846181083,0.013770257455509324,0.013770257455509296
28,4,0.3220869276181908,0.3220869276181908,0.058880962181141944,0.058880962181141916
28,5,0.24037577481654188,0.2403757748165418,0.004882934839244228,0.0048829348392442
28,6,0.09191804525799571,0.09191804525799571,0.004513263994363217,0.0045132639943631985
28,7,0.121454835104687,0.12145483510468677,0.047071333156227066,0.04707133315622705
29,0,0.03862682736453923,0.038626827364539186,0.03605727740102848,0.036057277401028466
29,1,0.2025447239502261,0.20254472395022607,-0.01905434041410286,-0.019054340414102842
29,2,0.21658315943973477,0.2165831594397349,0.05794562238684395,0.05794562238684388
29,3,0.3596201238666761,0.359620123866676,0.18133345496656117,0.18133345496656117
29,4,0.18932800896463642,0.18932800896463642,0.015402220681990032,0.015402220681990098
29,5,0.24063756009338777,0.24063756009338758,0.045221169753469743,0.04522116975346985
29,6,0.16729452312833262,0.16729452312833237,0.0035054796623733447,0.003505479662373281
29,7,0.21457877799029068,0.2145787779902906,-0.006520222617512967,-0.00652022261751293
30,0,0.42296192632299584,0.422961926322996,0.06579794941247202,0.06579794941247202
30,1,0.09801724777528324,0.09801724777528326,0.006186412270556792,0.006186412270556781
30,2,0.24790523827637886,0.24790523827637886,-0.029935155606759377,-0.02993515560675935
30,3,0.053422077250328145,0.05342207725032812,-0.008775969490068683,-0.008775969490068687
30,4,0.2904676312247209,0.29046763122472075,0.005157099164470421,0.005157099164470444
30,5,0.08490407592335682,0.0849040759233568,0.0006156021074169355,0.0006156021074168951
30,6,0.007498593045412125,0.0074985930454123315,0.008434196331295926,0.008434196331295926
30,7,0.05252826588599412,0.05252826588599421,0.0007128610068506047,0.0007128610068505701
31,0,0.05825199685479112,0.05825199685479123,0.002828629073844475,0.0028286290738444844
31,1,0.12697839823796894,0.12697839823796914,0.011010399034798977,0.011010399034798982
31,2,0.1252163219366199,0.12521632193662008,0.00725178109121269,0.00725178109121267
31,3,0.08459101103710619,0.0845910110371062,-0.0047367512062965085,-0.004736751206296474
31,4,0.3751200474062964,0.3751200474062965,0.0049066560054117974,0.004906656005411814
31,5,0.13639537641539934,0.13639537641539948,0.014908936205409206,0.01490893620540919
31,6,0.16796801985003543,0.16796801985003557,0.007120034607081817,0.007120034607081821
31,7,0.23013780567472705,0.230137805674727,0.005549762924686718,0.005549762924686704
32,0,0.23020125967152613,0.23020125967152613,0.015250898558685723,0.015250898558685742
32,1,0.38463970156509186,0.3846397015650918,0.07327639025724983,0.07327639025724979
32,2,0.17645375384832587,0.1764537538483261,0.0031416359379813335,0.0031416359379813456
32,3,0.2959115727624187,0.29591157276241875,0.01850455222810881,0.01850455222810881
32,4,0.15940213515175505,0.15940213515175516,0.014507510484492317,0.014507510484492326
32,5,0.17527985685431252,0.17527985685431235,0.0035447348504101064,0.003544734850410112
32,6,0.24410689988639503,0.24410689988639506,0.003510335710071014,0.0035103357100710183
32,7,0.13243990764816782,0.1324399076481678,-0.00983677133221949,-0.009836771332219512
33,0,0.5282942003548186,0.5282942003548186,0.006258937633540931,0.006258937633540942
33,1,0.43155201436900403,0.4315520143690038,-0.01117721601466066,-0.011177216014660665
33,2,0.16198137353805256,0.16198137353805273,0.005193297820548958,0.005193297820548984
33,3,0.042613771430577194,0.0426137714305771,0.006586798364753062,0.006586798364753055
33,4,0.10989618330461903,0.10989618330461924,0.013301963160063494,0.013301963160063476
33,5,0.057885160281654295,0.05788516028165425,0.0030647217959387948,0.003064721795938786
33,6,0.04926592933235174,0.04926592933235164,0.0005222446861867915,0.0005222446861867778
33,7,0.32890153794069044,0.3289015379406904,0.001379293398127826,0.0013792933981278414
34,0,0.18020181837210578,0.1802018183721058,0.008651516250676155,0.00865151625067606
34,1,0.1078031856193767,0.10780318561937688,0.027365971247898302,0.027365971247898246
34,2,0.06080619522490974,0.06080619522490968,0.0032125734687714455,0.0032125734687713974
34,3,0.4247334382835692,0.4247334382835692,0.08989229118626306,0.08989229118626303
34,4,0.2521396725071059,0.25213967250710584,0.039028897908123236,0.03902889790812322
34,5,0.08296379234841057,0.08296379234841045,0.006814335252025899,0.006814335252025963
34,6,0.023873299234512955,0.023873299234512986,0.011294472476135605,0.01129447247613559
34,7,0.38972443303451515,0.38972443303451504,0.07293664544972814,0.07293664544972811
35,0,0.13983217717363997,0.13983217717364002,0.0025574318195745855,0.002557431819574559
35,1,0.2125255172266285,0.2125255172266286,-0.00042890932347942694,-0.0004289093234794239
35,2,0.002401023003861424,0.0024010230038614177,0.00019298210242577152,0.00019298210242575398
35,3,0.171443657053324,0.171443657053324,-0.00113930596037944,-0.0011393059603794487
35,4,0.11093599745000209,0.11093599745000224,0.006554572253527821,0.00655457225352782
35,5,0.06949261861120205,0.06949261861120218,-0.004667475091097441,-0.004667475091097447
35,6,0.23859494153126642,0.23859494153126648,0.00517346766077686,0.005173467660776857
35,7,0.2512506009124683,0.2512506009124683,0.025123672884985966,0.02512367288498596
36,0,0.02257902428235815,0.022579024282358237,0.0019005650978575859,0.0019005650978575982
36,1,0.032367653186581746,0.0323676531865818,0.001337351126140285,0.0013373511261402936
36,2,0.183883428138764,0.18388342813876413,0.004040243249119346,0.0040402432491193204
36,3,0.03752312358696182,0.03752312358696186,-8.73309027658472e-07,-8.733090276621938e-07
36,4,0.17143223833153154,0.17143223833153146,0.0005113470092625922,0.0005113470092626077
36,5,0.09086155461337807,0.09086155461337823,0.007357292505458593,0.0073572925054585835
36,6,0.11054566938843817,0.1105456693884382,-0.0003576066078031678,-0.0003576066078031778
36,7,0.06516247154449345,0.06516247154449362,-0.0009237943103040029,-0.0009237943103040066
37,0,0.16366372016039613,0.16366372016039607,0.0019602214378048152,0.0019602214378048035
37,1,0.08617046485602413,0.08617046485602434,0.0012106497013354668,0.0012106497013354618
37,2,0.22292356676729058,0.22292356676729067,-0.0010149389632390145,-0.0010149389632390237
37,3,0.12838148090470336,0.12838148090470328,-0.016190252166029376,-0.016190252166029432
37,4,0.20501793853579428,0.2050179385357944,0.0073873727947147885,0.007387372794714777
37,5,0.060883462883697795,0.060883462883697774,-0.0009081059200458139,-0.0009081059200458286
37,6,0.21417490819509483,0.2141749081950949,-0.013343461887053322,-0.013343461887053359
37,7,0.24927248701839394,0.24927248701839405,0.006187969078838054,0.006187969078838067
38,0,0.35897331054960885,0.3589733105496088,0.11115164478501893,0.11115164478501895
38,1,0.3247432983604339,0.32474329836043425,0.131336297824609,0.13133629782460896
38,2,0.14393349179877252,0.14393349179877254,0.04825366339561787,0.04825366339561793
38,3,0.07195422883095734,0.07195422883095734,0.0017803926945574988,0.0017803926945575222
38,4,0.10181206418179757,0.10181206418179777,0.03675547807314705,0.036755478073147115
38,5,0.30984544700684397,0.309845447006844,-0.0064376906237189,-0.006437690623719006
38,6,0.08064854244761155,0.08064854244761162,-0.003430590105530496,-0.0034305901055304874
38,7,0.09201429005586882,0.09201429005586893,0.13074702638540914,0.13074702638540914
39,0,0.08023970643479406,0.08023970643479408,-0.0036598630586912382,-0.003659863058691127
39,1,0.11306676665239397,0.11306676665239372,-0.004005417117402219,-0.004005417117402184
39,2,0.12594868987905294,0.12594868987905272,0.08627602011010985,0.08627602011010986
39,3,0.07633769849189308,0.07633769849189308,0.012857233017553543,0.01285723301755347
39,4,0.20626897636139338,0.2062689763613934,0.009066269160805208,0.00906626916080519
39,5,0.14414206524829012,0.14414206524829004,0.030178040617874633,0.030178040617874564
39,6,0.22475924241833337,0.22475924241833362,0.011718810458067719,0.011718810458067688
39,7,0.2926090447725648,0.2926090447725648,0.04150300041752751,0.041503000417527455
