seed,scenario,level,label_amplitude,epsilon,method,alpha,kappa_x,kappa_y,scale,rmse_all,rmse_plausible,mae_plausible,r2_plausible,median_relative_error_plausible,prediction_drift_rmse,prediction_drift_p95,coefficient_drift_l2,mean_geom_weight,fraction_geom_clipped,mean_resid_weight,fraction_resid_clipped,mean_corrupt_geom_weight,mean_corrupt_resid_weight,mean_corrupt_combined_weight,irls_iterations,delta_rmse_plausible,delta_rmse_all
1101,nominal_raw,0.0,,0.0,ridge,0.001,3.273533633738855,2.0,0.18495611805939283,0.2842032646975366,0.2842032646975366,0.19348236046645034,0.701002487129122,0.13970955835963372,0.0,0.0,0.0,1.0,0.0,1.0,0.0,,,,1,0.0,0.0
1101,nominal_raw,0.0,,0.0,huber,0.001,3.273533633738855,2.0,0.18495611805939283,0.2852826616963582,0.2852826616963582,0.19163159153523965,0.6987270038266025,0.13716946791924178,0.0,0.0,0.0,1.0,0.0,0.9914232090549918,0.03117154811715481,,,,6,0.0,0.0
1101,nominal_raw,0.0,,0.0,geometry,0.001,3.273533633738855,2.0,0.18495611805939283,0.2853147375872759,0.2853147375872759,0.1932894694363036,0.6986592524745228,0.13831574971593108,0.0,0.0,0.0,0.9933388561971693,0.06317991631799164,1.0,0.0,,,,1,0.0,0.0
1101,nominal_raw,0.0,,0.0,bgr,0.001,3.273533633738855,2.0,0.18495611805939283,0.28650474166760453,0.28650474166760453,0.19171029072484827,0.6961403181343959,0.13732788924655603,0.0,0.0,0.0,0.9933388561971693,0.06317991631799164,0.9915059847204434,0.03138075313807531,,,,6,0.0,0.0
1101,vertical_amplitude,4.0,,0.05,ridge,0.001,3.273533633738855,2.0,0.18495611805939283,0.34081486970515235,0.34081486970515235,0.2436132316060786,0.5700217178042534,0.18199020066039762,0.17530212176773477,0.3141895534313841,2.5587681739990695,1.0,0.0,1.0,0.0,1.0,1.0,1.0,1,0.05661160500761575,0.05661160500761575
1101,vertical_amplitude,4.0,,0.05,huber,0.001,3.273533633738855,2.0,0.18495611805939283,0.2871723268927815,0.2871723268927815,0.19247769696239753,0.6947226203599006,0.1389065015173494,0.023756139055705207,0.04211381267851255,0.3557318162324224,1.0,0.0,0.9745647487076229,0.049372384937238493,1.0,0.09420178201105717,0.09420178201105717,8,0.0018896651964233069,0.0018896651964233069
1101,vertical_amplitude,4.0,,0.05,geometry,0.001,3.273533633738855,2.0,0.18495611805939283,0.3442661120504458,0.3442661120504458,0.24431763624970626,0.5612693246310771,0.186327214614588,0.17775554931644372,0.3197748502216591,2.559306521437972,0.9933388561971693,0.06317991631799164,1.0,0.0,0.9951336156153168,1.0,0.9951336156153168,1,0.05895137446316995,0.05895137446316995
1101,vertical_amplitude,4.0,,0.05,bgr,0.001,3.273533633738855,2.0,0.18495611805939283,0.28848699600013383,0.28848699600013383,0.19248894031405642,0.6919211150417627,0.13654367512566845,0.023850363185623804,0.043194328649724945,0.3549976657474615,0.9933388561971693,0.06317991631799164,0.9745555769535846,0.049372384937238493,0.9951336156153168,0.0942096261916027,0.09369472457230196,8,0.0019822543325292985,0.0019822543325292985
1101,leverage_amplitude,50.0,,0.05,ridge,0.001,3.273533633738855,2.0,0.18495611805939283,0.4388409033092888,0.4388409033092888,0.3398808997517229,0.2871081470234642,0.279724425281623,0.3228067439527459,0.6058096889547588,3.139704338236454,1.0,0.0,1.0,0.0,1.0,1.0,1.0,1,0.15463763861175223,0.15463763861175223
1101,leverage_amplitude,50.0,,0.05,huber,0.001,3.273533633738855,2.0,0.18495611805939283,0.4361665096883246,0.4361665096883246,0.33640652361642015,0.295770712114242,0.2765546169579304,0.32592069302202503,0.6158636092503844,3.2251648841751464,1.0,0.0,0.9638355668894771,0.11276150627615063,1.0,0.8465403244692247,0.8465403244692247,12,0.1508838479919664,0.1508838479919664
1101,leverage_amplitude,50.0,,0.05,geometry,0.001,3.273533633738855,2.0,0.18495611805939283,0.2952131697272097,0.2952131697272097,0.2014139880122618,0.6773877109894845,0.1462760048741013,0.07268089463508573,0.14160159294646402,0.7570292197534856,0.9742679064885752,0.08179916317991631,1.0,0.0,0.004273402494875045,1.0,0.004273402494875045,1,0.0098984321399338,0.0098984321399338
1101,leverage_amplitude,50.0,,0.05,bgr,0.001,3.273533633738855,2.0,0.18495611805939283,0.2856338620205225,0.2856338620205225,0.19090482336301884,0.6979847764453466,0.13555893006605468,0.012937474186890488,0.021952322499879884,0.19415406890758577,0.9742679064885752,0.08179916317991631,0.9806486294222979,0.046443514644351466,0.004273402494875045,0.4065540004773715,0.0017332490228159703,9,-0.0008708796470820457,-0.0008708796470820457
1101,mixed_amplitude,50.0,4.0,0.05,ridge,0.001,3.273533633738855,2.0,0.18495611805939283,0.4714107419250111,0.4714107419250111,0.36412244080240597,0.1773626953877997,0.29953585233302393,0.36351617991406115,0.7543287838681856,3.9270578624480246,1.0,0.0,1.0,0.0,1.0,1.0,1.0,1,0.1872074772274745,0.1872074772274745
1101,mixed_amplitude,50.0,4.0,0.05,huber,0.001,3.273533633738855,2.0,0.18495611805939283,0.37292418059143645,0.37292418059143645,0.276583715192329,0.485185774224865,0.21483046413473839,0.23803907675457966,0.45162079968418833,2.3575985535154147,1.0,0.0,0.96733617169432,0.09142259414225941,1.0,0.3695436451688523,0.3695436451688523,12,0.08764151889507826,0.08764151889507826
1101,mixed_amplitude,50.0,4.0,0.05,geometry,0.001,3.273533633738855,2.0,0.18495611805939283,0.2951226844498565,0.2951226844498565,0.201230640413164,0.6775854473488256,0.14447313312501808,0.07241181881098602,0.14035460099350683,0.7531500018857655,0.9742679064885752,0.08179916317991631,1.0,0.0,0.004273402494875045,1.0,0.004273402494875045,1,0.00980794686258063,0.00980794686258063
1101,mixed_amplitude,50.0,4.0,0.05,bgr,0.001,3.273533633738855,2.0,0.18495611805939283,0.28613831105847437,0.28613831105847437,0.19101916036063962,0.6969170751629032,0.1340360747230782,0.011009120203380839,0.01664640014851404,0.18767808368912298,0.9742679064885752,0.08179916317991631,0.975383731819953,0.04895397489539749,0.004273402494875045,0.13312897387521366,0.000568223847947032,7,-0.0003664306091301639,-0.0003664306091301639
1101,gaussian_noise,0.4,,1.0,ridge,0.001,3.273533633738855,2.0,0.18495611805939283,0.32313094972121065,0.32313094972121065,0.21933217874492267,0.6134848111627924,0.1628021351769574,0.1393057314542186,0.2161011182446524,2.6405483451983867,1.0,0.0,1.0,0.0,1.0,1.0,1.0,1,0.03892768502367405,0.03892768502367405
1101,gaussian_noise,0.4,,1.0,huber,0.001,3.273533633738855,2.0,0.18495611805939283,0.32761413196575195,0.32761413196575195,0.2203598270780821,0.602685234321541,0.1608397472864087,0.14684152658740016,0.2474980215466136,2.8107746615860583,1.0,0.0,0.9489735396942127,0.14539748953974896,1.0,0.9489735396942127,0.9489735396942127,11,0.04233147026939377,0.04233147026939377
1101,gaussian_noise,0.4,,1.0,geometry,0.001,3.273533633738855,2.0,0.18495611805939283,0.3254770330725083,0.3254770330725083,0.219716625999082,0.6078518704797529,0.15943134814862536,0.1395100618997645,0.21832487936713196,2.631832407654975,0.9933388561971693,0.06317991631799164,1.0,0.0,0.9933388561971693,1.0,0.9933388561971693,1,0.040162295485232424,0.040162295485232424
1101,gaussian_noise,0.4,,1.0,bgr,0.001,3.273533633738855,2.0,0.18495611805939283,0.3296616662159814,0.3296616662159814,0.2208883369351033,0.5977034116203298,0.16468083094887453,0.14690315274617002,0.23882939929153046,2.821946601696547,0.9933388561971693,0.06317991631799164,0.948909093040307,0.14456066945606694,0.9933388561971693,0.948909093040307,0.9426269925869197,11,0.043156924548376885,0.043156924548376885
1101,realistic_cells,1.0,,0.05,ridge,0.001,3.273533633738855,2.0,0.18495611805939283,0.28854325701229966,0.28854325701229966,0.19784511074447036,0.6918009396420559,0.14268563927717948,0.03227477186984403,0.059548829248291746,0.3278963080565222,1.0,0.0,1.0,0.0,1.0,1.0,1.0,1,0.004339992314763064,0.004339992314763064
1101,realistic_cells,1.0,,0.05,huber,0.001,3.273533633738855,2.0,0.18495611805939283,0.28687469130342114,0.28687469130342114,0.19349287520851632,0.6953550930482968,0.14106988707381718,0.01808844226393213,0.03364944269681036,0.18471580097043758,1.0,0.0,0.9892959000530193,0.03577405857740586,1.0,0.8535828947569952,0.8535828947569952,6,0.0015920296070629503,0.0015920296070629503
1101,realistic_cells,1.0,,0.05,geometry,0.001,3.273533633738855,2.0,0.18495611805939283,0.2878002571206111,0.2878002571206111,0.1951526211646706,0.6933861233916476,0.13740601828278798,0.03699135244592486,0.06993830265939138,0.44833092680215336,0.9801818666969669,0.07719665271966528,1.0,0.0,0.31154220462654075,1.0,0.31154220462654075,1,0.002485519533335201,0.002485519533335201
1101,realistic_cells,1.0,,0.05,bgr,0.001,3.273533633738855,2.0,0.18495611805939283,0.28860516146681525,0.28860516146681525,0.19285449403883095,0.691668682582806,0.13616732798099207,0.025784236093124812,0.050326560499383,0.2903926744131657,0.9801818666969669,0.07719665271966528,0.9841386655155836,0.04184100418410042,0.31154220462654075,0.5820895780896624,0.20933698037754134,8,0.0021004197992107176,0.0021004197992107176
1202,nominal_raw,0.0,,0.0,ridge,0.31622776601683794,3.676402589769803,2.0,0.17301866916416356,0.25321137872845945,0.25321137872845945,0.18068177144602654,0.7475455783071403,0.13434610769894162,0.0,0.0,0.0,1.0,0.0,1.0,0.0,,,,1,0.0,0.0
1202,nominal_raw,0.0,,0.0,huber,0.31622776601683794,3.676402589769803,2.0,0.17301866916416356,0.2530733308373049,0.2530733308373049,0.17936941483230484,0.7478207736840405,0.13025674763453698,0.0,0.0,0.0,1.0,0.0,0.9888672192078286,0.04101178781925344,,,,7,0.0,0.0
1202,nominal_raw,0.0,,0.0,geometry,0.31622776601683794,3.676402589769803,2.0,0.17301866916416356,0.252727889036372,0.252727889036372,0.18067411990283427,0.7485087465461764,0.13251367053748875,0.0,0.0,0.0,0.969569525248048,0.0974950884086444,1.0,0.0,,,,1,0.0,0.0
1202,nominal_raw,0.0,,0.0,bgr,0.31622776601683794,3.676402589769803,2.0,0.17301866916416356,0.2529929912430316,0.2529929912430316,0.1793664608923395,0.7479808597811088,0.12915098947328785,0.0,0.0,0.0,0.969569525248048,0.0974950884086444,0.988847475526128,0.04076620825147348,,,,7,0.0,0.0
1202,vertical_amplitude,4.0,,0.05,ridge,0.31622776601683794,3.676402589769803,2.0,0.17301866916416356,0.31818596421215917,0.31818596421215917,0.23807185311115336,0.601362103872859,0.18377012531986459,0.20601612733387092,0.40390906722337494,3.1286625747551664,1.0,0.0,1.0,0.0,1.0,1.0,1.0,1,0.06497458548369972,0.06497458548369972
1202,vertical_amplitude,4.0,,0.05,huber,0.31622776601683794,3.676402589769803,2.0,0.17301866916416356,0.25349366527527634,0.25349366527527634,0.18107902737104045,0.7469823792042694,0.1298200286325235,0.025309403178680016,0.051352345856026105,0.43175816094903086,1.0,0.0,0.9689188918449786,0.06237721021611002,1.0,0.08750898058727369,0.08750898058727369,9,0.0004203344379714591,0.0004203344379714591
1202,vertical_amplitude,4.0,,0.05,geometry,0.31622776601683794,3.676402589769803,2.0,0.17301866916416356,0.31828407804385755,0.31828407804385755,0.23675350888381802,0.6011162229981633,0.18259907280512033,0.2082091957851879,0.39539250751074917,3.2049421027778013,0.969569525248048,0.0974950884086444,1.0,0.0,0.9874448816544025,1.0,0.9874448816544025,1,0.06555618900748555,0.06555618900748555
1202,vertical_amplitude,4.0,,0.05,bgr,0.31622776601683794,3.676402589769803,2.0,0.17301866916416356,0.2534079544792947,0.2534079544792947,0.1810741243603728,0.7471534499517765,0.12834568064545704,0.026076301557421792,0.049617796649187085,0.4704538115339562,0.969569525248048,0.0974950884086444,0.9689508911829559,0.0618860510805501,0.9874448816544025,0.08748818298888592,0.0864044259851422,10,0.0004149632362631106,0.0004149632362631106
1202,leverage_amplitude,50.0,,0.05,ridge,0.31622776601683794,3.676402589769803,2.0,0.17301866916416356,0.40773907933425096,0.40773907933425096,0.31297595158473496,0.3453921309385972,0.25753187564493496,0.3171793491133329,0.591160626442063,3.040345899452916,1.0,0.0,1.0,0.0,1.0,1.0,1.0,1,0.15452770060579152,0.15452770060579152
1202,leverage_amplitude,50.0,,0.05,huber,0.31622776601683794,3.676402589769803,2.0,0.17301866916416356,0.37851586964344947,0.37851586964344947,0.28925253178544813,0.43586281043580766,0.22981120156273993,0.2939257060824264,0.5769044836668691,2.8280873219349076,1.0,0.0,0.9583434162076737,0.12549115913555992,1.0,0.7794881007521468,0.7794881007521468,12,0.1254425388061446,0.1254425388061446
1202,leverage_amplitude,50.0,,0.05,geometry,0.31622776601683794,3.676402589769803,2.0,0.17301866916416356,0.2666517249477027,0.2666517249477027,0.19282842788198234,0.7200339688886329,0.1451827926406295,0.08598877487865098,0.16580647725684727,0.7722201217828903,0.9473818296873349,0.11861493123772102,1.0,0.0,0.005398182488923331,1.0,0.005398182488923331,1,0.013923835911330673,0.013923835911330673
1202,leverage_amplitude,50.0,,0.05,bgr,0.31622776601683794,3.676402589769803,2.0,0.17301866916416356,0.2533802758183544,0.2533802758183544,0.1796425609342438,0.7472086816175509,0.13133603444301434,0.010703092766497684,0.021939211658045465,0.15322611805646752,0.9473818296873349,0.11861493123772102,0.9787315606541365,0.0550098231827112,0.005398182488923331,0.5116416065552392,0.0027553367404267283,8,0.00038728457532277716,0.00038728457532277716
1202,mixed_amplitude,50.0,4.0,0.05,ridge,0.31622776601683794,3.676402589769803,2.0,0.17301866916416356,0.4450577776420675,0.4450577776420675,0.3466920093559739,0.22008129596585557,0.277044924000748,0.3700767495687273,0.7445171380154054,4.313197241966229,1.0,0.0,1.0,0.0,1.0,1.0,1.0,1,0.19184639891360805,0.19184639891360805
1202,mixed_amplitude,50.0,4.0,0.05,huber,0.31622776601683794,3.676402589769803,2.0,0.17301866916416356,0.3262685822348827,0.3262685822348827,0.2474643047226746,0.5808523290373668,0.19953106014179944,0.22286257394830342,0.43637142613992363,2.073105806789565,1.0,0.0,0.9606413056260767,0.1043713163064833,1.0,0.33591785653972905,0.33591785653972905,12,0.07319525139757782,0.07319525139757782
1202,mixed_amplitude,50.0,4.0,0.05,geometry,0.31622776601683794,3.676402589769803,2.0,0.17301866916416356,0.26874971754314064,0.26874971754314064,0.19519119042311217,0.7156111410574841,0.14545595711379367,0.09238514669646113,0.1801713901872546,0.8284894884016257,0.9473818296873349,0.11861493123772102,1.0,0.0,0.005398182488923331,1.0,0.005398182488923331,1,0.016021828506768643,0.016021828506768643
1202,mixed_amplitude,50.0,4.0,0.05,bgr,0.31622776601683794,3.676402589769803,2.0,0.17301866916416356,0.25350621336451734,0.25350621336451734,0.17979164664228067,0.7469573295347932,0.1322190600423795,0.010924873812243883,0.020921270260850555,0.1572066196411576,0.9473818296873349,0.11861493123772102,0.9690305101651914,0.06114931237721022,0.005398182488923331,0.0797080139905858,0.0004304079810692117,9,0.0005132221214857458,0.0005132221214857458
1202,gaussian_noise,0.4,,1.0,ridge,0.31622776601683794,3.676402589769803,2.0,0.17301866916416356,0.26767458134978067,0.26767458134978067,0.19991371322913673,0.717881991173348,0.14989521156420094,0.11963642784039286,0.25381667876387937,2.333593775431116,1.0,0.0,1.0,0.0,1.0,1.0,1.0,1,0.014463202621321225,0.014463202621321225
1202,gaussian_noise,0.4,,1.0,huber,0.31622776601683794,3.676402589769803,2.0,0.17301866916416356,0.26742504742563766,0.26742504742563766,0.19992054903741416,0.7184077430018185,0.1536418716135668,0.1245011402306441,0.24148038254159054,2.386942868300955,1.0,0.0,0.929552545505498,0.1844302554027505,1.0,0.929552545505498,0.929552545505498,11,0.014351716588332786,0.014351716588332786
1202,gaussian_noise,0.4,,1.0,geometry,0.31622776601683794,3.676402589769803,2.0,0.17301866916416356,0.26871461372265937,0.26871461372265937,0.20068109136515105,0.715685429384548,0.15750423006461056,0.12133283593611607,0.2629924532983159,2.3307399961995263,0.969569525248048,0.0974950884086444,1.0,0.0,0.969569525248048,1.0,0.969569525248048,1,0.015986724686287368,0.015986724686287368
1202,gaussian_noise,0.4,,1.0,bgr,0.31622776601683794,3.676402589769803,2.0,0.17301866916416356,0.2681423738786343,0.2681423738786343,0.20076860021701612,0.7168950613352383,0.15954164056487286,0.1257308521579302,0.2512350343021268,2.3792291765634017,0.969569525248048,0.0974950884086444,0.9291994003104315,0.1856581532416503,0.969569525248048,0.9291994003104315,0.8999860101037871,12,0.015149382635602726,0.015149382635602726
1202,realistic_cells,1.0,,0.05,ridge,0.31622776601683794,3.676402589769803,2.0,0.17301866916416356,0.2582935242807427,0.2582935242807427,0.1835913617591405,0.7373099750036409,0.13466131887051558,0.040703966424532265,0.07651960214677889,0.4893360676090563,1.0,0.0,1.0,0.0,1.0,1.0,1.0,1,0.005082145552283257,0.005082145552283257
1202,realistic_cells,1.0,,0.05,huber,0.31622776601683794,3.676402589769803,2.0,0.17301866916416356,0.25437004166083327,0.25437004166083327,0.17996283210346856,0.7452298938758621,0.1328870894988291,0.02291131853444617,0.044934914930656156,0.23659366105470864,1.0,0.0,0.9856894176711114,0.047396856581532414,1.0,0.8167788319757258,0.8167788319757258,7,0.0012967108235283908,0.0012967108235283908
1202,realistic_cells,1.0,,0.05,geometry,0.31622776601683794,3.676402589769803,2.0,0.17301866916416356,0.25728586298081174,0.25728586298081174,0.18390045401167798,0.7393556030586368,0.13805670342306264,0.04169211969497981,0.08364631050496385,0.4787181439169984,0.9549323188917397,0.11394891944990176,1.0,0.0,0.3395894003186659,1.0,0.3395894003186659,1,0.004557973944439742,0.004557973944439742
1202,realistic_cells,1.0,,0.05,bgr,0.31622776601683794,3.676402589769803,2.0,0.17301866916416356,0.2551427527754001,0.2551427527754001,0.1808667875059007,0.7436796900692908,0.13444898165373398,0.03701476818858111,0.0721967709149327,0.35031074497146875,0.9549323188917397,0.11394891944990176,0.9801894088255924,0.05451866404715128,0.3395894003186659,0.5627591578268406,0.2163287418212949,7,0.0021497615323685104,0.0021497615323685104
1303,nominal_raw,0.0,,0.0,ridge,0.001,4.526603196808532,2.0,0.16994263832051426,0.27084742291362746,0.27084742291362746,0.18550272006396115,0.7164294010182514,0.13670469661470452,0.0,0.0,0.0,1.0,0.0,1.0,0.0,,,,1,0.0,0.0
1303,nominal_raw,0.0,,0.0,huber,0.001,4.526603196808532,2.0,0.16994263832051426,0.27111736188582664,0.27111736188582664,0.1846869980210366,0.7158638803999176,0.1394851125224198,0.0,0.0,0.0,1.0,0.0,0.9878982663117895,0.040981708728872426,,,,8,0.0,0.0
1303,nominal_raw,0.0,,0.0,geometry,0.001,4.526603196808532,2.0,0.16994263832051426,0.27075230725566285,0.27075230725566285,0.18503563580996418,0.7166285335617636,0.134586089079329,0.0,0.0,0.0,0.9950446142646375,0.05649455892567724,1.0,0.0,,,,1,0.0,0.0
1303,nominal_raw,0.0,,0.0,bgr,0.001,4.526603196808532,2.0,0.16994263832051426,0.2706646687468612,0.2706646687468612,0.18436287236544088,0.7168119501595204,0.13600531183685627,0.0,0.0,0.0,0.9950446142646375,0.05649455892567724,0.9878873373837935,0.04144477888400093,,,,8,0.0,0.0
1303,vertical_amplitude,4.0,,0.05,ridge,0.001,4.526603196808532,2.0,0.16994263832051426,0.3170514238132528,0.3170514238132528,0.22724141465492634,0.611428270002211,0.17469064620917285,0.16796487063626347,0.2749810884349255,2.926895627891739,1.0,0.0,1.0,0.0,1.0,1.0,1.0,1,0.04620400089962534,0.04620400089962534
1303,vertical_amplitude,4.0,,0.05,huber,0.001,4.526603196808532,2.0,0.16994263832051426,0.2714797428726087,0.2714797428726087,0.18504414892736595,0.7151038085284981,0.13819646730395097,0.020460967938761947,0.033337853570579945,0.37312110127317205,1.0,0.0,0.9689960623482262,0.06181986570965501,1.0,0.08646436279638493,0.08646436279638493,9,0.00036238098678204045,0.00036238098678204045
1303,vertical_amplitude,4.0,,0.05,geometry,0.001,4.526603196808532,2.0,0.16994263832051426,0.32033747994906775,0.32033747994906775,0.22984243996507667,0.6033318829430374,0.17368264896826502,0.1725957135956609,0.28194361030118653,2.9708316111878417,0.9950446142646375,0.05649455892567724,1.0,0.0,0.9935087477325709,1.0,0.9935087477325709,1,0.0495851726934049,0.0495851726934049
1303,vertical_amplitude,4.0,,0.05,bgr,0.001,4.526603196808532,2.0,0.16994263832051426,0.2711701844537193,0.2711701844537193,0.18467748014207822,0.7157531515150721,0.13674282559497142,0.021217674779278727,0.03505108022326553,0.3808726759914108,0.9950446142646375,0.05649455892567724,0.9689650637632078,0.06228293586478351,0.9935087477325709,0.08646650366375884,0.08582321737865174,9,0.0005055157068581395,0.0005055157068581395
1303,leverage_amplitude,50.0,,0.05,ridge,0.001,4.526603196808532,2.0,0.16994263832051426,0.410335636487651,0.410335636487651,0.32355416395739733,0.3491359910052231,0.27403754077879705,0.3287783083294509,0.6320933488274783,3.291953215261496,1.0,0.0,1.0,0.0,1.0,1.0,1.0,1,0.13948821357402352,0.13948821357402352
1303,leverage_amplitude,50.0,,0.05,huber,0.001,4.526603196808532,2.0,0.16994263832051426,0.3815963684484404,0.3815963684484404,0.29547401993994227,0.43711425393443426,0.24009108204314367,0.2949298986328445,0.5628151060025957,2.945809582629928,1.0,0.0,0.9608785511178412,0.11877749479046075,1.0,0.7877850643311781,0.7877850643311781,12,0.11047900656261378,0.11047900656261378
1303,leverage_amplitude,50.0,,0.05,geometry,0.001,4.526603196808532,2.0,0.16994263832051426,0.297425008108352,0.297425008108352,0.21389135567820408,0.6580467392297429,0.1628045842514938,0.14562997807188735,0.2770512013478603,1.2596410318951397,0.9740556086669344,0.07733271590645983,1.0,0.0,0.00816619146648533,1.0,0.00816619146648533,1,0.026672700852689135,0.026672700852689135
1303,leverage_amplitude,50.0,,0.05,bgr,0.001,4.526603196808532,2.0,0.16994263832051426,0.27018238212485346,0.27018238212485346,0.18402262504192443,0.7178202541047441,0.13376879143554876,0.013426280881426932,0.024274664691736447,0.1566660994509229,0.9740556086669344,0.07733271590645983,0.977606450816126,0.05672609400324149,0.00816619146648533,0.4855664870370858,0.003975986262426077,9,-0.00048228662200772154,-0.00048228662200772154
1303,mixed_amplitude,50.0,4.0,0.05,ridge,0.001,4.526603196808532,2.0,0.16994263832051426,0.41899709111682487,0.41899709111682487,0.32707970861953434,0.3213688334786814,0.2720947856493845,0.34472547276522136,0.6767670962594581,4.447203827057843,1.0,0.0,1.0,0.0,1.0,1.0,1.0,1,0.14814966820319742,0.14814966820319742
1303,mixed_amplitude,50.0,4.0,0.05,huber,0.001,4.526603196808532,2.0,0.16994263832051426,0.3313922108705265,0.3313922108705265,0.2486695032305743,0.5754817374808743,0.19529111371699004,0.22423428499070264,0.41918817933412456,2.162460668654979,1.0,0.0,0.9646697621295658,0.0926140310257004,1.0,0.4336499848495688,0.4336499848495688,12,0.06027484898469987,0.06027484898469987
1303,mixed_amplitude,50.0,4.0,0.05,geometry,0.001,4.526603196808532,2.0,0.16994263832051426,0.29561342697445414,0.29561342697445414,0.21244209468568526,0.662199648236605,0.16242025735572907,0.14322382907980796,0.2823243399388966,1.2208913005136481,0.9740556086669344,0.07733271590645983,1.0,0.0,0.00816619146648533,1.0,0.00816619146648533,1,0.02486111971879129,0.02486111971879129
1303,mixed_amplitude,50.0,4.0,0.05,bgr,0.001,4.526603196808532,2.0,0.16994263832051426,0.26991498695336263,0.26991498695336263,0.18407664588151337,0.7183785152570181,0.13493088085252136,0.01444535703783896,0.02755428048575137,0.15659388567364368,0.9740556086669344,0.07733271590645983,0.9689863748210005,0.06089372539939801,0.00816619146648533,0.07934756243027646,0.0006487061116291014,9,-0.0007496817934985467,-0.0007496817934985467
1303,gaussian_noise,0.4,,1.0,ridge,0.001,4.526603196808532,2.0,0.16994263832051426,0.2969132166463478,0.2969132166463478,0.206986764583885,0.6592225528439954,0.15748633475943996,0.11702444426348989,0.220505278929779,2.3993471937401756,1.0,0.0,1.0,0.0,1.0,1.0,1.0,1,0.026065793732720333,0.026065793732720333
1303,gaussian_noise,0.4,,1.0,huber,0.001,4.526603196808532,2.0,0.16994263832051426,0.29794758386644216,0.29794758386644216,0.20699959770893792,0.6568440598015184,0.15685237770627403,0.12147940493837898,0.2330431352808393,2.4591454263417187,1.0,0.0,0.9328622919193438,0.17874507987960175,1.0,0.9328622919193438,0.9328622919193438,12,0.02683022198061552,0.02683022198061552
1303,gaussian_noise,0.4,,1.0,geometry,0.001,4.526603196808532,2.0,0.16994263832051426,0.2976018511326419,0.2976018511326419,0.2069584950506595,0.6576399810561318,0.1547613101992209,0.11675223829809583,0.21806960998990377,2.3765830297990544,0.9950446142646375,0.05649455892567724,1.0,0.0,0.9950446142646375,1.0,0.9950446142646375,1,0.026849543876979076,0.026849543876979076
1303,gaussian_noise,0.4,,1.0,bgr,0.001,4.526603196808532,2.0,0.16994263832051426,0.298180187653831,0.298180187653831,0.2071662662298862,0.6563080559360782,0.15755504883402627,0.12091292888050167,0.23445174024322402,2.4381392026348743,0.9950446142646375,0.05649455892567724,0.9327711257111544,0.17828200972447325,0.9950446142646375,0.9327711257111544,0.9281649593314433,12,0.027515518906969794,0.027515518906969794
1303,realistic_cells,1.0,,0.05,ridge,0.001,4.526603196808532,2.0,0.16994263832051426,0.274213564401619,0.274213564401619,0.19244195541329526,0.7093370658642122,0.14647117156996603,0.050624520338824745,0.09892949921184613,0.5763432948918524,1.0,0.0,1.0,0.0,1.0,1.0,1.0,1,0.0033661414879915252,0.0033661414879915252
1303,realistic_cells,1.0,,0.05,huber,0.001,4.526603196808532,2.0,0.16994263832051426,0.27159848675166787,0.27159848675166787,0.1878964080818885,0.7148545296908766,0.1442028516301721,0.030878091068471867,0.0586381948834509,0.37578243038948633,1.0,0.0,0.9848312879475016,0.048159296133364206,1.0,0.8179706260456482,0.8179706260456482,8,0.0004811248658412315,0.0004811248658412315
1303,realistic_cells,1.0,,0.05,geometry,0.001,4.526603196808532,2.0,0.16994263832051426,0.27382851530332447,0.27382851530332447,0.1907655150943656,0.7101527871621974,0.14773682422881107,0.05591190250526503,0.11416445087211624,0.5351221422167921,0.9826604164353246,0.06899745311414679,1.0,0.0,0.41212450398471434,1.0,0.41212450398471434,1,0.0030762080476616216,0.0030762080476616216
1303,realistic_cells,1.0,,0.05,bgr,0.001,4.526603196808532,2.0,0.16994263832051426,0.27265801460644284,0.27265801460644284,0.1879490601986399,0.7126254387366662,0.14195281380368774,0.04618419287510026,0.08490425274197833,0.434194124524367,0.9826604164353246,0.06899745311414679,0.9787171390685506,0.057883769391062746,0.41212450398471434,0.5463869232749087,0.27886210524063876,8,0.0019933458595816633,0.0019933458595816633
1404,nominal_raw,0.0,,0.0,ridge,1.0,3.1797529976362253,2.0,0.17516022971827042,0.257300501382501,0.25493417562128085,0.18033841222743294,0.7352068016197446,0.13259837345916087,0.0,0.0,0.0,1.0,0.0,1.0,0.0,,,,1,0.0,0.0
1404,nominal_raw,0.0,,0.0,huber,1.0,3.1797529976362253,2.0,0.17516022971827042,0.2602132089782214,0.2575883139281173,0.18095165160348925,0.7296645379437869,0.1374899068066563,0.0,0.0,0.0,1.0,0.0,0.9881698184632618,0.04658131299373468,,,,9,0.0,0.0
1404,nominal_raw,0.0,,0.0,geometry,1.0,3.1797529976362253,2.0,0.17516022971827042,0.255842670540938,0.2552773318441847,0.18053302971548024,0.7344934677666922,0.1332586597188989,0.0,0.0,0.0,0.9919935443717347,0.09588667937891583,1.0,0.0,,,,1,0.0,0.0
1404,nominal_raw,0.0,,0.0,bgr,1.0,3.1797529976362253,2.0,0.17516022971827042,0.2588630903655109,0.257999882314935,0.18120796032138076,0.7287999768632566,0.13783075753552365,0.0,0.0,0.0,0.9919935443717347,0.09588667937891583,0.9881828387202025,0.04658131299373468,,,,9,0.0,0.0
1404,vertical_amplitude,4.0,,0.05,ridge,1.0,3.1797529976362253,2.0,0.17516022971827042,0.33103208817212737,0.31790769190380963,0.22890821447255585,0.5882318241367421,0.16398785174864605,0.1925540324961675,0.40092299159791633,2.7990921590330076,1.0,0.0,1.0,0.0,1.0,1.0,1.0,1,0.06297351628252879,0.07373158678962638
1404,vertical_amplitude,4.0,,0.05,huber,1.0,3.1797529976362253,2.0,0.17516022971827042,0.2625925830707836,0.258257945823527,0.18257219413629142,0.728257171719958,0.13569420271565585,0.02510855920840119,0.04805382949404712,0.37143941845600825,1.0,0.0,0.9653491849297857,0.07137019885589757,1.0,0.08881319119363686,0.08881319119363686,11,0.0006696318954096947,0.00237937409256217
1404,vertical_amplitude,4.0,,0.05,geometry,1.0,3.1797529976362253,2.0,0.17516022971827042,0.34818158397650234,0.3191037325210793,0.2305038580985717,0.5851276658674268,0.16844281160713764,0.19510704395319747,0.40759392339198536,2.8044392841179757,0.9919935443717347,0.09588667937891583,1.0,0.0,0.9980338812101215,1.0,0.9980338812101215,1,0.0638264006768946,0.09233891343556433
1404,vertical_amplitude,4.0,,0.05,bgr,1.0,3.1797529976362253,2.0,0.17516022971827042,0.2618747030680652,0.2586229620134896,0.18285055749256263,0.7274884780142354,0.13827743786514002,0.025332858977674514,0.04798431452682376,0.3713540044892254,0.9919935443717347,0.09588667937891583,0.9653196012196784,0.07137019885589757,0.9980338812101215,0.0888045455691345,0.08862555514891632,11,0.0006230796985546294,0.0030116127025542894
1404,leverage_amplitude,50.0,,0.05,ridge,1.0,3.1797529976362253,2.0,0.17516022971827042,0.3961197810121319,0.3963949006881751,0.3039773148203181,0.35981303887100424,0.248768483197985,0.3405227624478707,0.694692668344344,3.0780568667813046,1.0,0.0,1.0,0.0,1.0,1.0,1.0,1,0.14146072506689428,0.13881927962963092
1404,leverage_amplitude,50.0,,0.05,huber,1.0,3.1797529976362253,2.0,0.17516022971827042,0.398947335134752,0.3991676480105688,0.30419095943032276,0.3508256127889733,0.25065452889299844,0.3489906727871051,0.7020469395996332,3.070277088225889,1.0,0.0,0.9494816825962267,0.1517297739035685,1.0,0.8792716642898802,0.8792716642898802,12,0.1415793340824515,0.13873412615653058
1404,leverage_amplitude,50.0,,0.05,geometry,1.0,3.1797529976362253,2.0,0.17516022971827042,0.32285523898196195,0.26601022930016954,0.19009853113417524,0.7116981816012393,0.1409446165763532,0.10559293374837758,0.19793592549446418,0.9718228751241266,0.9670825194303359,0.11958594388450014,1.0,0.0,0.004029831646260776,1.0,0.004029831646260776,1,0.010732897455984824,0.06701256844102393
1404,leverage_amplitude,50.0,,0.05,bgr,1.0,3.1797529976362253,2.0,0.17516022971827042,0.2587528998786812,0.25746096610029806,0.18160480208252103,0.7299317715254885,0.13744550400511285,0.011406642809568532,0.01992466654034829,0.15028377128394688,0.9670825194303359,0.11958594388450014,0.975211959689365,0.06265322800326886,0.004029831646260776,0.47461280858044674,0.001915278707206949,9,-0.0005389162146369197,-0.00011019048682969768
1404,mixed_amplitude,50.0,4.0,0.05,ridge,1.0,3.1797529976362253,2.0,0.17516022971827042,0.4704252806615416,0.4680786922926239,0.3646347002158958,0.10733511718820499,0.2948268839896767,0.42619690422366796,0.8641499593985458,4.339552939697851,1.0,0.0,1.0,0.0,1.0,1.0,1.0,1,0.21314451667134304,0.2131247792790406
1404,mixed_amplitude,50.0,4.0,0.05,huber,1.0,3.1797529976362253,2.0,0.17516022971827042,0.40613755162448234,0.40249688058328975,0.30981164817351914,0.33995165834307484,0.25180390281575055,0.3512575317740504,0.6948651291702826,3.0834895458723834,1.0,0.0,0.9324969182979205,0.17188776900027242,1.0,0.24275686264902555,0.24275686264902555,12,0.14490856665517243,0.14592434264626092
1404,mixed_amplitude,50.0,4.0,0.05,geometry,1.0,3.1797529976362253,2.0,0.17516022971827042,0.3148822420079062,0.26581033910196766,0.18993420181278328,0.7121313007002489,0.13975805604164543,0.1068110828745862,0.2009695399754453,0.9947298431456764,0.9670825194303359,0.11958594388450014,1.0,0.0,0.004029831646260776,1.0,0.004029831646260776,1,0.010533007257782945,0.0590395714669682
1404,mixed_amplitude,50.0,4.0,0.05,bgr,1.0,3.1797529976362253,2.0,0.17516022971827042,0.25926256127093544,0.2575681913770204,0.18174279353006978,0.7297067729861155,0.13719925998376886,0.011457417915203154,0.02023660426558205,0.15234223462538213,0.9670825194303359,0.11958594388450014,0.9653528914978459,0.07109779351675292,0.004029831646260776,0.0816913228749381,0.00032974016580552645,9,-0.0004316909379145639,0.000399470905424526
1404,gaussian_noise,0.4,,1.0,ridge,1.0,3.1797529976362253,2.0,0.17516022971827042,0.2841777253531126,0.2807173726416037,0.20552481736742892,0.6789377185324043,0.15153164443608652,0.09678455543740226,0.1986563445854703,2.0031695258060624,1.0,0.0,1.0,0.0,1.0,1.0,1.0,1,0.025783197020322834,0.026877223970611597
1404,gaussian_noise,0.4,,1.0,huber,1.0,3.1797529976362253,2.0,0.17516022971827042,0.2881481398626252,0.28778295450969343,0.210663681422534,0.6625722155215594,0.15865397329481712,0.10545770819678345,0.22854513173926688,1.9739450610720972,1.0,0.0,0.9230719914322193,0.20621084173249796,1.0,0.9230719914322193,0.9230719914322193,11,0.030194640581576115,0.027934930884403797
1404,gaussian_noise,0.4,,1.0,geometry,1.0,3.1797529976362253,2.0,0.17516022971827042,0.28395935039610776,0.28063081844727106,0.20546938759311148,0.6791356756639922,0.15132518921363763,0.09669167993378343,0.1959223254082557,1.9963421858037036,0.9919935443717347,0.09588667937891583,1.0,0.0,0.9919935443717347,1.0,0.9919935443717347,1,0.02535348660308634,0.028116679855169746
1404,gaussian_noise,0.4,,1.0,bgr,1.0,3.1797529976362253,2.0,0.17516022971827042,0.2895767967667194,0.2881951844604799,0.2109146114690666,0.6616048374262838,0.15912591407865306,0.10610538831182593,0.22600885505387983,1.9643814126714811,0.9919935443717347,0.09588667937891583,0.923083481109534,0.2059384363933533,0.9919935443717347,0.923083481109534,0.9157435484480596,11,0.030195302145544944,0.030713706401208463
1404,realistic_cells,1.0,,0.05,ridge,1.0,3.1797529976362253,2.0,0.17516022971827042,0.252341091025631,0.2524839730716283,0.17780781334466716,0.7402722592891743,0.13343108638757062,0.03900525932165541,0.0722899067112174,0.40086608912959903,1.0,0.0,1.0,0.0,1.0,1.0,1.0,1,-0.002450202549652558,-0.0049594103568699754
1404,realistic_cells,1.0,,0.05,huber,1.0,3.1797529976362253,2.0,0.17516022971827042,0.25532330179021545,0.25546756588829245,0.17923642654796587,0.73409760652388,0.13190253962122483,0.023378802406733436,0.046206935696187924,0.19761817930624598,1.0,0.0,0.9856869530833456,0.05093979842004903,1.0,0.9027712906052403,0.9027712906052403,9,-0.0021207480398248713,-0.004889907188005971
1404,realistic_cells,1.0,,0.05,geometry,1.0,3.1797529976362253,2.0,0.17516022971827042,0.2547739752359725,0.25281831189642867,0.1784847097167916,0.7395839418384873,0.12948433361749356,0.0399479277192509,0.07823810237275727,0.4133159028698775,0.9755725405654757,0.1135930264233179,1.0,0.0,0.34280013150602334,1.0,0.34280013150602334,1,-0.002459019947756047,-0.0010686953049655057
1404,realistic_cells,1.0,,0.05,bgr,1.0,3.1797529976362253,2.0,0.17516022971827042,0.26021579128545513,0.25549583805772796,0.17964668607642623,0.7340387493184439,0.1333847980065997,0.026676013586785507,0.05256375104100498,0.2568322373018844,0.9755725405654757,0.1135930264233179,0.9801530264727313,0.05829474257695451,0.34280013150602334,0.6709935186449041,0.25327456789891983,9,-0.0025040442572070165,0.0013527009199442164
1505,nominal_raw,0.0,,0.0,ridge,0.001,3.7263716419828947,2.0,0.18374176192431196,0.2570631241096188,0.2570631241096188,0.18044933405018296,0.7246781648664651,0.13068405411807738,0.0,0.0,0.0,1.0,0.0,1.0,0.0,,,,1,0.0,0.0
1505,nominal_raw,0.0,,0.0,huber,0.001,3.7263716419828947,2.0,0.18374176192431196,0.2583115476940414,0.2583115476940414,0.18031246032005765,0.7219974777391285,0.13020197213121132,0.0,0.0,0.0,1.0,0.0,0.9907480957438829,0.033506268914829225,,,,7,0.0,0.0
1505,nominal_raw,0.0,,0.0,geometry,0.001,3.7263716419828947,2.0,0.18374176192431196,0.2566526382120236,0.2566526382120236,0.1805141358143664,0.7255567467136692,0.1320106569103474,0.0,0.0,0.0,0.9679868861821135,0.10008646779074795,1.0,0.0,,,,1,0.0,0.0
1505,nominal_raw,0.0,,0.0,bgr,0.001,3.7263716419828947,2.0,0.18374176192431196,0.257662839486567,0.257662839486567,0.18009832009137244,0.7233920423164995,0.1301990560621199,0.0,0.0,0.0,0.9679868861821135,0.10008646779074795,0.9907633214800304,0.03480328577604842,,,,7,0.0,0.0
1505,vertical_amplitude,4.0,,0.05,ridge,0.001,3.7263716419828947,2.0,0.18374176192431196,0.32423206354803824,0.32423206354803824,0.233124198424004,0.5620011060499637,0.16936264347327357,0.2017589005742379,0.34488576071027754,2.4844284812371775,1.0,0.0,1.0,0.0,1.0,1.0,1.0,1,0.06716893943841945,0.06716893943841945
1505,vertical_amplitude,4.0,,0.05,huber,0.001,3.7263716419828947,2.0,0.18374176192431196,0.2600345803555048,0.2600345803555048,0.18233980924262386,0.7182763510018388,0.128021589618996,0.023907795446980497,0.04075807030342116,0.3283910283010274,1.0,0.0,0.9730421650919804,0.05339386078685689,1.0,0.09224271329004925,0.09224271329004925,8,0.0017230326614633973,0.0017230326614633973
1505,vertical_amplitude,4.0,,0.05,geometry,0.001,3.7263716419828947,2.0,0.18374176192431196,0.3247660598400631,0.3247660598400631,0.23411249469037615,0.5605571872349182,0.1692787072602423,0.2033422402820615,0.36094248607374624,2.4522544630423737,0.9679868861821135,0.10008646779074795,1.0,0.0,0.9883461110346861,1.0,0.9883461110346861,1,0.06811342162803952,0.06811342162803952
1505,vertical_amplitude,4.0,,0.05,bgr,0.001,3.7263716419828947,2.0,0.18374176192431196,0.25930143962932617,0.25930143962932617,0.18203995501955278,0.7198626932248706,0.12905273362928393,0.02414341889580529,0.04295462962073948,0.3218727974619499,0.9679868861821135,0.10008646779074795,0.9729804809894619,0.05296152183311716,0.9883461110346861,0.09224012143879913,0.09115737667814633,8,0.0016386001427591834,0.0016386001427591834
1505,leverage_amplitude,50.0,,0.05,ridge,0.001,3.7263716419828947,2.0,0.18374176192431196,0.39469294815732925,0.39469294815732925,0.29397974423578077,0.3509474996637275,0.2368503378984972,0.3177550455431024,0.6210586654914447,2.708105157573193,1.0,0.0,1.0,0.0,1.0,1.0,1.0,1,0.13762982404771046,0.13762982404771046
1505,leverage_amplitude,50.0,,0.05,huber,0.001,3.7263716419828947,2.0,0.18374176192431196,0.3488034583727951,0.3488034583727951,0.25758765502531206,0.49309957222782763,0.19606844027676218,0.2597049805738105,0.5346050207705568,2.17405346118897,1.0,0.0,0.9716256662790017,0.0946822308690013,1.0,0.79737066647921,0.79737066647921,12,0.09049191067875367,0.09049191067875367
1505,leverage_amplitude,50.0,,0.05,geometry,0.001,3.7263716419828947,2.0,0.18374176192431196,0.2654077277327514,0.2654077277327514,0.18846595701187435,0.7065134380077414,0.1443733983875891,0.08228228062142398,0.16145662324195253,0.6767866171665193,0.9484414926372241,0.11889321227842628,1.0,0.0,0.005552735614494396,1.0,0.005552735614494396,1,0.008755089520727788,0.008755089520727788
1505,leverage_amplitude,50.0,,0.05,bgr,0.001,3.7263716419828947,2.0,0.18374176192431196,0.2584369361618604,0.2584369361618604,0.18106535160340242,0.7217275186837779,0.1311898193522214,0.01143692457121939,0.022473048248198957,0.11778950893534192,0.9484414926372241,0.11889321227842628,0.9812280850874294,0.04712494595763078,0.005552735614494396,0.4977604591444775,0.002762446251293096,8,0.0007740966752934342,0.0007740966752934342
1505,mixed_amplitude,50.0,4.0,0.05,ridge,0.001,3.7263716419828947,2.0,0.18374176192431196,0.4222908568063895,0.4222908568063895,0.3207491705388878,0.25700746555860376,0.25779195003960864,0.3542465670541068,0.6901196094021573,3.6411988436861233,1.0,0.0,1.0,0.0,1.0,1.0,1.0,1,0.1652277326967707,0.1652277326967707
1505,mixed_amplitude,50.0,4.0,0.05,huber,0.001,3.7263716419828947,2.0,0.18374176192431196,0.30717903025104165,0.30717903025104165,0.2235623620439146,0.6068627249066347,0.17786957078816257,0.193182599317092,0.3816954708571325,1.57222163691721,1.0,0.0,0.9718360255732961,0.07760484219628189,1.0,0.4180142704585583,0.4180142704585583,12,0.04886748255700024,0.04886748255700024
1505,mixed_amplitude,50.0,4.0,0.05,geometry,0.001,3.7263716419828947,2.0,0.18374176192431196,0.2659205671180729,0.2659205671180729,0.18906894656653428,0.7053781516787783,0.14502493325148924,0.08382726804691054,0.16759379977111788,0.6866017356980709,0.9484414926372241,0.11889321227842628,1.0,0.0,0.005552735614494396,1.0,0.005552735614494396,1,0.009267928906049272,0.009267928906049272
1505,mixed_amplitude,50.0,4.0,0.05,bgr,0.001,3.7263716419828947,2.0,0.18374176192431196,0.25839877769950803,0.25839877769950803,0.18099776215867772,0.7218096870165831,0.13154661694437886,0.00924812479872863,0.01796415689454367,0.1082813215165964,0.9484414926372241,0.11889321227842628,0.9731925947733516,0.05252918287937743,0.005552735614494396,0.09350110469373668,0.0005202382547495021,8,0.0007359382129410452,0.0007359382129410452
1505,gaussian_noise,0.4,,1.0,ridge,0.001,3.7263716419828947,2.0,0.18374176192431196,0.2859815663167852,0.2859815663167852,0.21007279798637177,0.6592489725285275,0.15856865636577577,0.12506836576836722,0.2641545676816621,2.170331913607751,1.0,0.0,1.0,0.0,1.0,1.0,1.0,1,0.028918442207166384,0.028918442207166384
1505,gaussian_noise,0.4,,1.0,huber,0.001,3.7263716419828947,2.0,0.18374176192431196,0.288510589553945,0.288510589553945,0.2112241316424169,0.6531955914338117,0.15685579066396005,0.12967348163770986,0.2732970464902733,2.220261943865761,1.0,0.0,0.9463749738963904,0.15348032857760485,1.0,0.9463749738963904,0.9463749738963904,10,0.030199041859903575,0.030199041859903575
1505,gaussian_noise,0.4,,1.0,geometry,0.001,3.7263716419828947,2.0,0.18374176192431196,0.2870872675307812,0.2870872675307812,0.21161832751214035,0.6566089619341458,0.1557250244966475,0.12438929930280167,0.26201182983645754,2.1749791260234606,0.9679868861821135,0.10008646779074795,1.0,0.0,0.9679868861821135,1.0,0.9679868861821135,1,0.030434629318757567,0.030434629318757567
1505,gaussian_noise,0.4,,1.0,bgr,0.001,3.7263716419828947,2.0,0.18374176192431196,0.28967527290841066,0.28967527290841066,0.21248767371807914,0.6503899224569791,0.15967841469389987,0.12960658978919865,0.2722757747058884,2.232507568358705,0.9679868861821135,0.10008646779074795,0.946294072592467,0.15088629485516644,0.9679868861821135,0.946294072592467,0.9152203580890931,11,0.03201243342184368,0.03201243342184368
1505,realistic_cells,1.0,,0.05,ridge,0.001,3.7263716419828947,2.0,0.18374176192431196,0.25753058113568034,0.25753058113568034,0.17904533948074186,0.7236759351990538,0.13323918539424273,0.0470382553449865,0.0856422633620495,0.46937630815218184,1.0,0.0,1.0,0.0,1.0,1.0,1.0,1,0.00046745702606154627,0.00046745702606154627
1505,realistic_cells,1.0,,0.05,huber,0.001,3.7263716419828947,2.0,0.18374176192431196,0.25733775050162017,0.25733775050162017,0.1790678856556067,0.7240895854599882,0.13063401581881795,0.028107385697960747,0.052363838339472224,0.271393514944199,1.0,0.0,0.9884212951913286,0.040639861651534805,1.0,0.8506719796602894,0.8506719796602894,7,-0.0009737971924212441,-0.0009737971924212441
1505,realistic_cells,1.0,,0.05,geometry,0.001,3.7263716419828947,2.0,0.18374176192431196,0.2579672044650179,0.2579672044650179,0.18102150947494933,0.7227381684404228,0.13699293872249785,0.0482163042310929,0.10135233047690395,0.44669793607854974,0.9556663612565149,0.11327280587980977,1.0,0.0,0.3688379772757848,1.0,0.3688379772757848,1,0.0013145662529943092,0.0013145662529943092
1505,realistic_cells,1.0,,0.05,bgr,0.001,3.7263716419828947,2.0,0.18374176192431196,0.2582557152606841,0.2582557152606841,0.18108842830407915,0.7221176417812849,0.1354230522291241,0.037700919451895895,0.07505305636826964,0.33879627206377755,0.9556663612565149,0.11327280587980977,0.9839934537011132,0.04474708171206226,0.3688379772757848,0.6328211455136418,0.2637932016049437,7,0.0005928757741170965,0.0005928757741170965
1606,nominal_raw,0.0,,0.0,ridge,0.1,3.6949558048601654,2.0,0.1802940957344088,0.2584743372928017,0.2584743372928017,0.1863413134568024,0.7305087403835215,0.14057691138823025,0.0,0.0,0.0,1.0,0.0,1.0,0.0,,,,1,0.0,0.0
1606,nominal_raw,0.0,,0.0,huber,0.1,3.6949558048601654,2.0,0.1802940957344088,0.25850828754923877,0.25850828754923877,0.184152909557917,0.730437941105409,0.13328429282049037,0.0,0.0,0.0,1.0,0.0,0.9867889201665313,0.048411497730711045,,,,6,0.0,0.0
1606,nominal_raw,0.0,,0.0,geometry,0.1,3.6949558048601654,2.0,0.1802940957344088,0.25773011693982856,0.25773011693982856,0.1856474996479755,0.7320583885756469,0.13970197381521854,0.0,0.0,0.0,0.9788425937586663,0.09198184568835098,1.0,0.0,,,,1,0.0,0.0
1606,nominal_raw,0.0,,0.0,bgr,0.1,3.6949558048601654,2.0,0.1802940957344088,0.25821113989454997,0.25821113989454997,0.1836651436596667,0.7310572922156694,0.13239904379643197,0.0,0.0,0.0,0.9788425937586663,0.09198184568835098,0.9866422607201881,0.04931921331316188,,,,6,0.0,0.0
1606,vertical_amplitude,4.0,,0.05,ridge,0.1,3.6949558048601654,2.0,0.1802940957344088,0.3116612331024267,0.3116612331024267,0.2183636350139503,0.6081901114334283,0.15904563870147637,0.1746273714599,0.2770556921683509,2.764824575603334,1.0,0.0,1.0,0.0,1.0,1.0,1.0,1,0.05318689580962499,0.05318689580962499
1606,vertical_amplitude,4.0,,0.05,huber,0.1,3.6949558048601654,2.0,0.1802940957344088,0.25987410795682586,0.25987410795682586,0.1849364822496975,0.7275819709480368,0.13186084002634224,0.021801683895561808,0.034427319789513966,0.32002008666136667,1.0,0.0,0.9616186747369273,0.07503782148260212,1.0,0.0905816024674415,0.0905816024674415,8,0.0013658204075870928,0.0013658204075870928
1606,vertical_amplitude,4.0,,0.05,geometry,0.1,3.6949558048601654,2.0,0.1802940957344088,0.3133785211067273,0.3133785211067273,0.21965828283198552,0.6038603835737465,0.1575058835320453,0.17713463873948673,0.2803867977144643,2.800713398604191,0.9788425937586663,0.09198184568835098,1.0,0.0,0.9961857947942281,1.0,0.9961857947942281,1,0.05564840416689876,0.05564840416689876
1606,vertical_amplitude,4.0,,0.05,bgr,0.1,3.6949558048601654,2.0,0.1802940957344088,0.2596583079688409,0.2596583079688409,0.18469192005337992,0.7280342160685753,0.12983100718266216,0.021980047491430763,0.035331289678335764,0.32252189295426315,0.9788425937586663,0.09198184568835098,0.9614174032789362,0.07594553706505296,0.9961857947942281,0.09061358675592575,0.09025104679235296,8,0.0014471680742909054,0.0014471680742909054
1606,leverage_amplitude,50.0,,0.05,ridge,0.1,3.6949558048601654,2.0,0.1802940957344088,0.4281099606670147,0.4281099606670147,0.32978035510049464,0.2607003708648816,0.26034021160184273,0.3181200689629512,0.6797120944865762,2.692096354578208,1.0,0.0,1.0,0.0,1.0,1.0,1.0,1,0.16963562337421295,0.16963562337421295
1606,leverage_amplitude,50.0,,0.05,huber,0.1,3.6949558048601654,2.0,0.1802940957344088,0.3886744296665927,0.3886744296665927,0.29627064890614024,0.39062902672528976,0.23575757807633035,0.27661137236887196,0.5832214991157283,2.3867744451089967,1.0,0.0,0.9543915321495505,0.14523449319213314,1.0,0.8376996805444538,0.8376996805444538,12,0.13016614211735394,0.13016614211735394
1606,leverage_amplitude,50.0,,0.05,geometry,0.1,3.6949558048601654,2.0,0.1802940957344088,0.292187213688903,0.292187213688903,0.21733145951272242,0.6556245074951483,0.16515205852052295,0.1307192446713773,0.258690174335654,1.166107006362742,0.9512639133377414,0.11921331316187594,1.0,0.0,0.0054516774990456054,1.0,0.0054516774990456054,1,0.034457096749074434,0.034457096749074434
1606,leverage_amplitude,50.0,,0.05,bgr,0.1,3.6949558048601654,2.0,0.1802940957344088,0.25822430954896897,0.25822430954896897,0.1843957160259927,0.7310298575136223,0.13275819811051726,0.014152872140137485,0.025463132122503396,0.1835665937572526,0.9512639133377414,0.11921331316187594,0.9698480115361923,0.07261724659606657,0.0054516774990456054,0.3870813816179623,0.0021144643364774045,11,1.3169654418998533e-05,1.3169654418998533e-05
1606,mixed_amplitude,50.0,4.0,0.05,ridge,0.1,3.6949558048601654,2.0,0.1802940957344088,0.4733514327679878,0.4733514327679878,0.36741010187369516,0.09618984777605577,0.29189846920015317,0.374335044283545,0.746111837274638,3.726479420005413,1.0,0.0,1.0,0.0,1.0,1.0,1.0,1,0.21487709547518608,0.21487709547518608
1606,mixed_amplitude,50.0,4.0,0.05,huber,0.1,3.6949558048601654,2.0,0.1802940957344088,0.37196968830191834,0.37196968830191834,0.28097338923576887,0.4418834192433664,0.2181874806131754,0.2527441656871609,0.5269481995165473,2.189970833526544,1.0,0.0,0.946282308525313,0.14311649016641453,1.0,0.34389095209129766,0.34389095209129766,12,0.11346140075267958,0.11346140075267958
1606,mixed_amplitude,50.0,4.0,0.05,geometry,0.1,3.6949558048601654,2.0,0.1802940957344088,0.2926942287355554,0.2926942287355554,0.2175166515467014,0.6544283220511566,0.16452783914087032,0.13213628673248118,0.2661525134538083,1.1783842931561328,0.9512639133377414,0.11921331316187594,1.0,0.0,0.0054516774990456054,1.0,0.0054516774990456054,1,0.03496411179572684,0.03496411179572684
1606,mixed_amplitude,50.0,4.0,0.05,bgr,0.1,3.6949558048601654,2.0,0.1802940957344088,0.2586286981847988,0.2586286981847988,0.18470954843882084,0.7301867638724918,0.1326744928308199,0.014146144639851296,0.026959771981728053,0.18657198502888536,0.9512639133377414,0.11921331316187594,0.9613963365280244,0.07413010590015129,0.0054516774990456054,0.08141590508904302,0.000444107787008291,8,0.00041755829024880953,0.00041755829024880953
1606,gaussian_noise,0.4,,1.0,ridge,0.1,3.6949558048601654,2.0,0.1802940957344088,0.26899302856311436,0.26899302856311436,0.1948482371721664,0.7081283773469097,0.14274252352854866,0.0913986831411496,0.18028208547021585,1.853528790813332,1.0,0.0,1.0,0.0,1.0,1.0,1.0,1,0.01051869127031263,0.01051869127031263
1606,gaussian_noise,0.4,,1.0,huber,0.1,3.6949558048601654,2.0,0.1802940957344088,0.2753681338895957,0.2753681338895957,0.19855701133591783,0.6941297864867175,0.1463988682175852,0.10920197378220584,0.21604759076164193,2.016969970247588,1.0,0.0,0.9178270044291751,0.22874432677760967,1.0,0.9178270044291751,0.9178270044291751,12,0.01685984634035692,0.01685984634035692
1606,gaussian_noise,0.4,,1.0,geometry,0.1,3.6949558048601654,2.0,0.1802940957344088,0.26890786702111236,0.26890786702111236,0.19478839485837157,0.708313157621093,0.14547934861078238,0.09119392869835795,0.17450994841357126,1.8473834500696433,0.9788425937586663,0.09198184568835098,1.0,0.0,0.9788425937586663,1.0,0.9788425937586663,1,0.0111777500812838,0.0111777500812838
1606,gaussian_noise,0.4,,1.0,bgr,0.1,3.6949558048601654,2.0,0.1802940957344088,0.2753824469129479,0.2753824469129479,0.19850209923532625,0.6940979887530845,0.14805037636569973,0.10959239081416887,0.21761701900340924,2.011394347583491,0.9788425937586663,0.09198184568835098,0.9178496766632552,0.22783661119515886,0.9788425937586663,0.9178496766632552,0.8973916532209076,12,0.01717130701839792,0.01717130701839792
1606,realistic_cells,1.0,,0.05,ridge,0.1,3.6949558048601654,2.0,0.1802940957344088,0.26985710529758716,0.26985710529758716,0.19463801313247436,0.7062502279714973,0.1466889631253726,0.05610313352074487,0.10571566777351027,0.5988709052392828,1.0,0.0,1.0,0.0,1.0,1.0,1.0,1,0.011382768004785437,0.011382768004785437
1606,realistic_cells,1.0,,0.05,huber,0.1,3.6949558048601654,2.0,0.1802940957344088,0.2644026568195531,0.2644026568195531,0.18813005430325971,0.7180049708419278,0.13901777272361804,0.034756747492548985,0.070413324051259,0.36236821619134274,1.0,0.0,0.9816172143519246,0.05960665658093797,1.0,0.8016698961218431,0.8016698961218431,7,0.005894369270314337,0.005894369270314337
1606,realistic_cells,1.0,,0.05,geometry,0.1,3.6949558048601654,2.0,0.1802940957344088,0.26701791452426293,0.26701791452426293,0.19233022813429063,0.7123988471520257,0.14240266677601354,0.05877153052074661,0.1183236231308662,0.5818156829887436,0.9639798437083288,0.10771558245083207,1.0,0.0,0.46225765439895034,1.0,0.46225765439895034,1,0.009287797584434376,0.009287797584434376
1606,realistic_cells,1.0,,0.05,bgr,0.1,3.6949558048601654,2.0,0.1802940957344088,0.26414459209163255,0.26414459209163255,0.18807912297892398,0.7185551730000721,0.13295094070200197,0.05217974769136128,0.10498905623481303,0.4655091975952182,0.9639798437083288,0.10771558245083207,0.9750415747752735,0.06928895612708018,0.46225765439895034,0.5887789923474464,0.3110203105265028,7,0.005933452197082578,0.005933452197082578
1707,nominal_raw,0.0,,0.0,ridge,1.0,3.5791016766354815,2.0,0.18058074839062574,0.2683765350921468,0.26853318105658364,0.18384566171387265,0.7207283991402194,0.1368049383844216,0.0,0.0,0.0,1.0,0.0,1.0,0.0,,,,1,0.0,0.0
1707,nominal_raw,0.0,,0.0,huber,1.0,3.5791016766354815,2.0,0.18058074839062574,0.27068733582098603,0.27081064552380546,0.18341898305221502,0.7159712344862458,0.1348600570679973,0.0,0.0,0.0,1.0,0.0,0.990084713038545,0.03482935951379149,,,,12,0.0,0.0
1707,nominal_raw,0.0,,0.0,geometry,1.0,3.5791016766354815,2.0,0.18058074839062574,0.2686862706856421,0.26890487348360864,0.18368041226393914,0.7199547518858915,0.13256356133600788,0.0,0.0,0.0,0.9718822390412367,0.10004675081813932,1.0,0.0,,,,1,0.0,0.0
1707,nominal_raw,0.0,,0.0,bgr,1.0,3.5791016766354815,2.0,0.18058074839062574,0.271390297002328,0.27159870868562147,0.18355141866186084,0.7143157730863742,0.1318323982702984,0.0,0.0,0.0,0.9718822390412367,0.10004675081813932,0.9899171927578164,0.03506311360448808,,,,12,0.0,0.0
1707,vertical_amplitude,4.0,,0.05,ridge,1.0,3.5791016766354815,2.0,0.18058074839062574,0.3246334497865584,0.31866145954034436,0.23590187892810158,0.6067307921792926,0.17634788552688485,0.18259125415841854,0.38105794947274696,2.3527369943695766,1.0,0.0,1.0,0.0,1.0,1.0,1.0,1,0.050128278483760724,0.056256914694411575
1707,vertical_amplitude,4.0,,0.05,huber,1.0,3.5791016766354815,2.0,0.18058074839062574,0.2716193870968335,0.27177978904931804,0.18489661433519644,0.713934703166835,0.13456204350502998,0.025424717922028578,0.047293626849070056,0.3075539585903876,1.0,0.0,0.9707984839495671,0.056334735857877516,1.0,0.09105587479305456,0.09105587479305456,12,0.0009691435255125835,0.0009320512758474453
1707,vertical_amplitude,4.0,,0.05,geometry,1.0,3.5791016766354815,2.0,0.18058074839062574,0.320336622058772,0.3204747967796396,0.23699631425669854,0.602242274952056,0.17502025370063923,0.19031505452483924,0.39133635911756165,2.326379526365092,0.9718822390412367,0.10004675081813932,1.0,0.0,0.9870186810171104,1.0,0.9870186810171104,1,0.05156992329603094,0.0516503513731299
1707,vertical_amplitude,4.0,,0.05,bgr,1.0,3.5791016766354815,2.0,0.18058074839062574,0.2719800964361032,0.2721964581734938,0.18495634934937946,0.7130568899454577,0.13438121044455936,0.02598694216752773,0.04858149120690386,0.3011951238409316,0.9718822390412367,0.10004675081813932,0.9706557517704711,0.05586722767648434,0.9870186810171104,0.09106068437709927,0.08980111057158538,12,0.0005977494878723344,0.0005897994337752399
1707,leverage_amplitude,50.0,,0.05,ridge,1.0,3.5791016766354815,2.0,0.18058074839062574,0.40617598554573575,0.4064725491713684,0.3117182450856024,0.3601277092532188,0.2432167960790021,0.32678514426042327,0.6831699363569923,2.9289611087011482,1.0,0.0,1.0,0.0,1.0,1.0,1.0,1,0.13793936811478474,0.13779945045358893
1707,leverage_amplitude,50.0,,0.05,huber,1.0,3.5791016766354815,2.0,0.18058074839062574,0.38938460948209497,0.38964451592379773,0.29687990626862076,0.41201262981100095,0.22938285933722458,0.30267153798453644,0.6155417837221583,2.6796228856188438,1.0,0.0,0.9608595866642621,0.11968209443665265,1.0,0.7844125569747592,0.7844125569747592,12,0.11883387039999227,0.11869727366110894
1707,leverage_amplitude,50.0,,0.05,geometry,1.0,3.5791016766354815,2.0,0.18058074839062574,0.2776028099501616,0.2771699822838041,0.19550457713069322,0.7024751468158853,0.14023648442734493,0.09230703900488557,0.18666864545038453,0.7871715566862937,0.9507657124831911,0.12014960261804582,1.0,0.0,0.005100196067991568,1.0,0.005100196067991568,1,0.008265108800195431,0.008916539264519519
1707,leverage_amplitude,50.0,,0.05,bgr,1.0,3.5791016766354815,2.0,0.18058074839062574,0.27125402940371773,0.2713101629321048,0.18399218837540623,0.7149224709800118,0.1316709062351078,0.009568152957390823,0.016538637685111716,0.12287841128760069,0.9507657124831911,0.12014960261804582,0.9793181737115473,0.047218326320710616,0.005100196067991568,0.4816847686633668,0.0024602232369167532,12,-0.0002885457535166669,-0.00013626759861024018
1707,mixed_amplitude,50.0,4.0,0.05,ridge,1.0,3.5791016766354815,2.0,0.18058074839062574,0.479314617943714,0.47969301510256657,0.3719962807430488,0.10883596593497813,0.30090410062848766,0.424110533416801,0.8806721571758366,4.032062472947582,1.0,0.0,1.0,0.0,1.0,1.0,1.0,1,0.21115983404598293,0.21093808285156718
1707,mixed_amplitude,50.0,4.0,0.05,huber,1.0,3.5791016766354815,2.0,0.18058074839062574,0.3480177366661318,0.3469175128979548,0.25949125386817784,0.5338954849790407,0.1980747828457312,0.23993458632378314,0.5035423604465317,2.1501091296219697,1.0,0.0,0.9605527476893252,0.10191678354371202,1.0,0.3064272428986517,0.3064272428986517,12,0.07610686737414935,0.07733040084514575
1707,mixed_amplitude,50.0,4.0,0.05,geometry,1.0,3.5791016766354815,2.0,0.18058074839062574,0.27927054563523535,0.27859542049300434,0.19693841158864617,0.6994070379531079,0.1409324917429835,0.09857209786237293,0.20123120085229068,0.8438562498498351,0.9507657124831911,0.12014960261804582,1.0,0.0,0.005100196067991568,1.0,0.005100196067991568,1,0.0096905470093957,0.010584274949593242
1707,mixed_amplitude,50.0,4.0,0.05,bgr,1.0,3.5791016766354815,2.0,0.18058074839062574,0.27169698063752284,0.27191540432013245,0.1841983714392239,0.7136491447598492,0.13328125051076384,0.008876057093881182,0.016056496097263548,0.12440779026259967,0.9507657124831911,0.12014960261804582,0.9707020455378718,0.05493221131369799,0.005100196067991568,0.0835437380687318,0.0004268042400098304,12,0.00031669563451097726,0.00030668363519487096
1707,gaussian_noise,0.4,,1.0,ridge,1.0,3.5791016766354815,2.0,0.18058074839062574,0.31426310992795453,0.31424713942840926,0.21582089020195788,0.617551001968115,0.15916341851413063,0.1179463182951373,0.18581271042291406,2.223389286536427,1.0,0.0,1.0,0.0,1.0,1.0,1.0,1,0.045713958371825625,0.045886574835807714
1707,gaussian_noise,0.4,,1.0,huber,1.0,3.5791016766354815,2.0,0.18058074839062574,0.3192550781601425,0.31888870115162077,0.21873225974833016,0.6061697014656083,0.16295420267840866,0.12578289915025523,0.20025458142356353,2.234131365712845,1.0,0.0,0.9381127529766146,0.17087424029920523,1.0,0.9381127529766146,0.9381127529766146,12,0.04807805562781531,0.04856774233915645
1707,gaussian_noise,0.4,,1.0,geometry,1.0,3.5791016766354815,2.0,0.18058074839062574,0.3122687076987196,0.31248171085575155,0.21432093689087944,0.6218360993860649,0.15792961758318658,0.11516617251873205,0.18249855469831197,2.1979796301843906,0.9718822390412367,0.10004675081813932,1.0,0.0,0.9718822390412367,1.0,0.9718822390412367,1,0.04357683737214291,0.04358243701307751
1707,gaussian_noise,0.4,,1.0,bgr,1.0,3.5791016766354815,2.0,0.18058074839062574,0.3190560366648245,0.3193166494345828,0.21875576455085088,0.6051119525456709,0.15782368397293667,0.12544465309923686,0.2059339761916071,2.2286701280704304,0.9718822390412367,0.10004675081813932,0.9379560109132524,0.17064048620850866,0.9718822390412367,0.9379560109132524,0.9112686770798339,12,0.04771794074896135,0.04766573966249654
1707,realistic_cells,1.0,,0.05,ridge,1.0,3.5791016766354815,2.0,0.18058074839062574,0.27100749368303456,0.27090553490288705,0.18683201347071218,0.7157721578592103,0.13511454885097385,0.049071327152089686,0.08452312093580408,0.5538598143029967,1.0,0.0,1.0,0.0,1.0,1.0,1.0,1,0.00237235384630341,0.002630958590887744
1707,realistic_cells,1.0,,0.05,huber,1.0,3.5791016766354815,2.0,0.18058074839062574,0.2707541107701521,0.2706853964936203,0.18467881603570843,0.7162338984657356,0.13258706240321394,0.02511972625754811,0.04536382410604681,0.2775136077991535,1.0,0.0,0.9876385410066786,0.03950444132772323,1.0,0.8621689974759373,0.8621689974759373,12,-0.00012524903018518163,6.677494916607074e-05
1707,realistic_cells,1.0,,0.05,geometry,1.0,3.5791016766354815,2.0,0.18058074839062574,0.2705948203332079,0.2703890609182766,0.1859493729096479,0.7168548699910995,0.13579569630251692,0.05019296136369398,0.09795963256447812,0.478047938019687,0.958066253944316,0.11711079943899018,1.0,0.0,0.34457537401029603,1.0,0.34457537401029603,1,0.0014841874346679385,0.001908549647565816
1707,realistic_cells,1.0,,0.05,bgr,1.0,3.5791016766354815,2.0,0.18058074839062574,0.2710972915542985,0.27110257715051167,0.18473915483416867,0.7153585431254983,0.13447764378999283,0.03130945161508367,0.0611407314183651,0.3005968529769002,0.958066253944316,0.11711079943899018,0.9820095897584498,0.04604955586722768,0.34457537401029603,0.6144822022754602,0.2319505332396782,12,-0.0004961315351098006,-0.0002930054480294597
1808,nominal_raw,0.0,,0.0,ridge,1.0,3.623430046393742,2.0,0.17894924601163414,0.2523872333070195,0.2523872333070195,0.18070088296014963,0.7510344934868664,0.13497038289271013,0.0,0.0,0.0,1.0,0.0,1.0,0.0,,,,1,0.0,0.0
1808,nominal_raw,0.0,,0.0,huber,1.0,3.623430046393742,2.0,0.17894924601163414,0.2508893986797268,0.2508893986797268,0.1777958272533885,0.7539807804731388,0.1296886724191174,0.0,0.0,0.0,1.0,0.0,0.9901384664107361,0.03726968174204355,,,,8,0.0,0.0
1808,nominal_raw,0.0,,0.0,geometry,1.0,3.623430046393742,2.0,0.17894924601163414,0.2521497860144628,0.2521497860144628,0.17959926482515162,0.7515027293502391,0.13146545758433648,0.0,0.0,0.0,0.9690551731656057,0.09757118927973199,1.0,0.0,,,,1,0.0,0.0
1808,nominal_raw,0.0,,0.0,bgr,1.0,3.623430046393742,2.0,0.17894924601163414,0.2506767750656659,0.2506767750656659,0.17685074485970798,0.7543975962513076,0.1284465639318506,0.0,0.0,0.0,0.9690551731656057,0.09757118927973199,0.9899577626121905,0.03726968174204355,,,,7,0.0,0.0
1808,vertical_amplitude,4.0,,0.05,ridge,1.0,3.623430046393742,2.0,0.17894924601163414,0.3125084951926436,0.3125084951926436,0.23406643615453113,0.6182948052131041,0.18402655213627128,0.18653553811881424,0.3712843946624149,2.9445612622492896,1.0,0.0,1.0,0.0,1.0,1.0,1.0,1,0.06012126188562411,0.06012126188562411
1808,vertical_amplitude,4.0,,0.05,huber,1.0,3.623430046393742,2.0,0.17894924601163414,0.2517318576843958,0.2517318576843958,0.17903959042333742,0.7523257955442876,0.13163685520398893,0.020419299561333464,0.03973534445816007,0.32597138749901283,1.0,0.0,0.97278039985515,0.05422948073701842,1.0,0.08985820940003784,0.08985820940003784,7,0.000842459004669005,0.000842459004669005
1808,vertical_amplitude,4.0,,0.05,geometry,1.0,3.623430046393742,2.0,0.17894924601163414,0.3136654272223554,0.3136654272223554,0.23401624826121953,0.6154633660354192,0.1891854354088991,0.18851719012884194,0.38824702489634166,3.0013194248626234,0.9690551731656057,0.09757118927973199,1.0,0.0,0.9881177684752569,1.0,0.9881177684752569,1,0.0615156412078926,0.0615156412078926
1808,vertical_amplitude,4.0,,0.05,bgr,1.0,3.623430046393742,2.0,0.17894924601163414,0.25158008645961816,0.25158008645961816,0.17820705165964318,0.7526243551790944,0.12849788078503022,0.020763399438889277,0.03941562874935922,0.3353835614507952,0.9690551731656057,0.09757118927973199,0.9727780616974965,0.0554857621440536,0.9881177684752569,0.08984309060062262,0.0888599286095352,7,0.0009033113939522774,0.0009033113939522774
1808,leverage_amplitude,50.0,,0.05,ridge,1.0,3.623430046393742,2.0,0.17894924601163414,0.3980025416980013,0.3980025416980013,0.3060044375669882,0.3808781857676339,0.2453931432351273,0.3177477939871559,0.6209174366010348,2.457800115787303,1.0,0.0,1.0,0.0,1.0,1.0,1.0,1,0.1456153083909818,0.1456153083909818
1808,leverage_amplitude,50.0,,0.05,huber,1.0,3.623430046393742,2.0,0.17894924601163414,0.3367336973353672,0.3367336973353672,0.25250363528554304,0.5568226329032211,0.19294155992176054,0.2395771491506265,0.4607866183456606,1.912524829822542,1.0,0.0,0.9731650064516574,0.08940536013400335,1.0,0.858862011383502,0.858862011383502,12,0.08584429865564036,0.08584429865564036
1808,leverage_amplitude,50.0,,0.05,geometry,1.0,3.623430046393742,2.0,0.17894924601163414,0.2726810074626505,0.2726810074626505,0.19797327455187086,0.7093875639143095,0.15133435640794735,0.1090626801652573,0.20584595292527208,0.8395720547677064,0.9501217048712737,0.1159966499162479,1.0,0.0,0.005223805717327705,1.0,0.005223805717327705,1,0.020531221448187698,0.020531221448187698
1808,leverage_amplitude,50.0,,0.05,bgr,1.0,3.623430046393742,2.0,0.17894924601163414,0.25102019776727846,0.25102019776727846,0.17752778623855886,0.753724193484983,0.1283949903310514,0.008299935938725073,0.01511741476736006,0.09289366850467433,0.9501217048712737,0.1159966499162479,0.9793414299150502,0.0504606365159129,0.005223805717327705,0.4374495924993743,0.0022859903076388223,7,0.0003434227016125835,0.0003434227016125835
1808,mixed_amplitude,50.0,4.0,0.05,ridge,1.0,3.623430046393742,2.0,0.17894924601163414,0.43233446455396296,0.43233446455396296,0.3406351154067012,0.26945978076814214,0.2784490072184084,0.36080045414121975,0.714960320786953,3.7835073285005336,1.0,0.0,1.0,0.0,1.0,1.0,1.0,1,0.17994723124694345,0.17994723124694345
1808,mixed_amplitude,50.0,4.0,0.05,huber,1.0,3.623430046393742,2.0,0.17894924601163414,0.30988778833766994,0.30988778833766994,0.23156833929205786,0.6246699470354119,0.17909784294912445,0.18962706619270014,0.37984297183445825,1.5367021011583286,1.0,0.0,0.9726571967799904,0.076214405360134,1.0,0.5392113405300297,0.5392113405300297,12,0.05899838965794313,0.05899838965794313
1808,mixed_amplitude,50.0,4.0,0.05,geometry,1.0,3.623430046393742,2.0,0.17894924601163414,0.2736651773070884,0.2736651773070884,0.19877092183588893,0.7072860010593236,0.15427219930888958,0.11085350802608744,0.21323196033842517,0.8538100941227268,0.9501217048712737,0.1159966499162479,1.0,0.0,0.005223805717327705,1.0,0.005223805717327705,1,0.021515391292625585,0.021515391292625585
1808,mixed_amplitude,50.0,4.0,0.05,bgr,1.0,3.623430046393742,2.0,0.17894924601163414,0.2511170673272368,0.2511170673272368,0.17767404315614832,0.7535340794432012,0.1278283012972521,0.008642116567546753,0.017160965452720056,0.09887058893433774,0.9501217048712737,0.1159966499162479,0.9726485246876524,0.05527638190954774,0.005223805717327705,0.09280503559226372,0.00048650361474664747,7,0.00044029226157094037,0.00044029226157094037
1808,gaussian_noise,0.4,,1.0,ridge,1.0,3.623430046393742,2.0,0.17894924601163414,0.26815873462068807,0.26815873462068807,0.19483983260900944,0.7189469449584575,0.15242351694149803,0.09589105563473026,0.16662038110515542,2.012411726005273,1.0,0.0,1.0,0.0,1.0,1.0,1.0,1,0.015771501313668557,0.015771501313668557
1808,gaussian_noise,0.4,,1.0,huber,1.0,3.623430046393742,2.0,0.17894924601163414,0.27073885729220876,0.27073885729220876,0.19822442109237579,0.713512552322966,0.15021182778942488,0.10713291101588109,0.18193641827309737,2.012635325386067,1.0,0.0,0.9434670040034644,0.15159128978224456,1.0,0.9434670040034644,0.9434670040034644,12,0.01984945861248194,0.01984945861248194
1808,gaussian_noise,0.4,,1.0,geometry,1.0,3.623430046393742,2.0,0.17894924601163414,0.2687441921988365,0.2687441921988365,0.1946817746361854,0.7177183870879194,0.15204178413970282,0.09569488963580756,0.17045428526916062,2.0001963234768225,0.9690551731656057,0.09757118927973199,1.0,0.0,0.9690551731656057,1.0,0.9690551731656057,1,0.01659440618437369,0.01659440618437369
1808,gaussian_noise,0.4,,1.0,bgr,1.0,3.623430046393742,2.0,0.17894924601163414,0.27129355583475334,0.27129355583475334,0.1975232535698619,0.7123374202010049,0.1542555763174671,0.10796996065293914,0.18337665690754168,2.026946262617628,0.9690551731656057,0.09757118927973199,0.9431981164015726,0.1518006700167504,0.9690551731656057,0.9431981164015726,0.9133386193058322,12,0.02061678076908746,0.02061678076908746
1808,realistic_cells,1.0,,0.05,ridge,1.0,3.623430046393742,2.0,0.17894924601163414,0.2522535630152487,0.2522535630152487,0.18053165058801,0.7512981397791737,0.14011381919117305,0.04256358073074559,0.07892997592326445,0.4288296030547669,1.0,0.0,1.0,0.0,1.0,1.0,1.0,1,-0.00013367029177080436,-0.00013367029177080436
1808,realistic_cells,1.0,,0.05,huber,1.0,3.623430046393742,2.0,0.17894924601163414,0.24989858410698956,0.24989858410698956,0.17754054826882906,0.7559201059348405,0.13508541004583852,0.024949190169820598,0.04796978385946549,0.24140776004518724,1.0,0.0,0.9875398973997341,0.04187604690117253,1.0,0.8564771818961084,0.8564771818961084,7,-0.000990814572737253,-0.000990814572737253
1808,realistic_cells,1.0,,0.05,geometry,1.0,3.623430046393742,2.0,0.17894924601163414,0.25446352523312527,0.25446352523312527,0.18196164760015393,0.7469213587982911,0.14024231640710716,0.04807405827057294,0.09354243382763805,0.44100627902156936,0.9567235284695712,0.1099246231155779,1.0,0.0,0.34794456121154144,1.0,0.34794456121154144,1,0.0023137392186624584,0.0023137392186624584
1808,realistic_cells,1.0,,0.05,bgr,1.0,3.623430046393742,2.0,0.17894924601163414,0.2514870281988434,0.2514870281988434,0.1783202447318628,0.7528073274487302,0.13676716669812417,0.034891826460375176,0.06790529424524738,0.30732219906890984,0.9567235284695712,0.1099246231155779,0.9819421561998243,0.049204355108877725,0.34794456121154144,0.5756145416584529,0.22910736687627145,7,0.0008102531331775076,0.0008102531331775076
1909,nominal_raw,0.0,,0.0,ridge,1.0,3.072436911197883,2.0,0.1847134055829229,0.23130274659879302,0.23130274659879302,0.17329639403096678,0.7578816649259006,0.1316536697108618,0.0,0.0,0.0,1.0,0.0,1.0,0.0,,,,1,0.0,0.0
1909,nominal_raw,0.0,,0.0,huber,1.0,3.072436911197883,2.0,0.1847134055829229,0.23061235858581727,0.23061235858581727,0.1725562785127287,0.7593248482628749,0.13610798189094042,0.0,0.0,0.0,1.0,0.0,0.9907238339755802,0.036593629997741135,,,,9,0.0,0.0
1909,nominal_raw,0.0,,0.0,geometry,1.0,3.072436911197883,2.0,0.1847134055829229,0.23094787806009048,0.23094787806009048,0.1729248599683152,0.7586240190132219,0.13194844410690998,0.0,0.0,0.0,0.9912327438927172,0.08538513666139598,1.0,0.0,,,,1,0.0,0.0
1909,nominal_raw,0.0,,0.0,bgr,1.0,3.072436911197883,2.0,0.1847134055829229,0.2304163182455289,0.2304163182455289,0.17225458583135964,0.7597338634998654,0.13608887611695675,0.0,0.0,0.0,0.9912327438927172,0.08538513666139598,0.990731180266365,0.03614185678789248,,,,9,0.0,0.0
1909,vertical_amplitude,4.0,,0.05,ridge,1.0,3.072436911197883,2.0,0.1847134055829229,0.2986804988896007,0.2986804988896007,0.2308191546226954,0.5962803990468238,0.18223711304389734,0.17468994969904122,0.32279135345917886,2.797603253113465,1.0,0.0,1.0,0.0,1.0,1.0,1.0,1,0.06737775229080767,0.06737775229080767
1909,vertical_amplitude,4.0,,0.05,huber,1.0,3.072436911197883,2.0,0.1847134055829229,0.23302508625513696,0.23302508625513696,0.17475668100879216,0.754262489641575,0.1361277774344769,0.02222777687859129,0.04135909440526575,0.3177360366148999,1.0,0.0,0.971998974653308,0.05511633160153603,1.0,0.09260989009959456,0.09260989009959456,8,0.0024127276693196864,0.0024127276693196864
1909,vertical_amplitude,4.0,,0.05,geometry,1.0,3.072436911197883,2.0,0.1847134055829229,0.2989638651681295,0.2989638651681295,0.2311231856013028,0.5955139962267334,0.18466777593042483,0.17612416854600677,0.3300567685489897,2.7937160575584215,0.9912327438927172,0.08538513666139598,1.0,0.0,0.9947326638556832,1.0,0.9947326638556832,1,0.06801598710803902,0.06801598710803902
1909,vertical_amplitude,4.0,,0.05,bgr,1.0,3.072436911197883,2.0,0.1847134055829229,0.23285314190989184,0.23285314190989184,0.17453395001390973,0.7546250050010298,0.13676735595096923,0.02241160112549934,0.04127442681933324,0.3152823459386735,0.9912327438927172,0.08538513666139598,0.9719944397700386,0.0548904449966117,0.9947326638556832,0.09261051876307878,0.09214526604379024,8,0.0024368236643629304,0.0024368236643629304
1909,leverage_amplitude,50.0,,0.05,ridge,1.0,3.072436911197883,2.0,0.1847134055829229,0.3697763771412212,0.3697763771412212,0.29384509317152285,0.3812083773059537,0.2343735552200913,0.3114875782042871,0.5816760462049251,3.020052276123351,1.0,0.0,1.0,0.0,1.0,1.0,1.0,1,0.13847363054242817,0.13847363054242817
1909,leverage_amplitude,50.0,,0.05,huber,1.0,3.072436911197883,2.0,0.1847134055829229,0.3690076455464683,0.3690076455464683,0.29318018599369683,0.383778526442763,0.23534169691892348,0.3158856243046207,0.591897381286925,3.0208841121022116,1.0,0.0,0.9590438981700178,0.12694827196747233,1.0,0.8745784854062818,0.8745784854062818,12,0.13839528696065104,0.13839528696065104
1909,leverage_amplitude,50.0,,0.05,geometry,1.0,3.072436911197883,2.0,0.1847134055829229,0.2425781248390775,0.2425781248390775,0.18561828885331064,0.7337011025539705,0.1474498462081979,0.09657142355879882,0.18502720438837894,0.9133646522209181,0.9706389414942965,0.10435961147503953,1.0,0.0,0.003767846270819932,1.0,0.003767846270819932,1,0.011630246778987025,0.011630246778987025
1909,leverage_amplitude,50.0,,0.05,bgr,1.0,3.072436911197883,2.0,0.1847134055829229,0.23070853635984165,0.23070853635984165,0.17290867114961925,0.7591240573998261,0.13845591574355254,0.009339648000692305,0.018631782878478553,0.11890803165363208,0.9706389414942965,0.10435961147503953,0.9784113586354031,0.051050372712898126,0.003767846270819932,0.39229608351461787,0.0014777520391079195,7,0.0002922181143127367,0.0002922181143127367
1909,mixed_amplitude,50.0,4.0,0.05,ridge,1.0,3.072436911197883,2.0,0.1847134055829229,0.395691573579209,0.395691573579209,0.3113255206814127,0.29143498914099253,0.25205304697210806,0.33645384735842465,0.6454049118609344,4.0786836679565885,1.0,0.0,1.0,0.0,1.0,1.0,1.0,1,0.16438882698041596,0.16438882698041596
1909,mixed_amplitude,50.0,4.0,0.05,huber,1.0,3.072436911197883,2.0,0.1847134055829229,0.3028300156681333,0.3028300156681333,0.23861377227051472,0.5849848629571086,0.19116104346041962,0.22507653926837604,0.43675378337021886,2.2462409852194973,1.0,0.0,0.96574442152987,0.09329116783374745,1.0,0.4824351128038903,0.4824351128038903,12,0.072217657082316,0.072217657082316
1909,mixed_amplitude,50.0,4.0,0.05,geometry,1.0,3.072436911197883,2.0,0.1847134055829229,0.24291646685104132,0.24291646685104132,0.18595612478958076,0.7329577301702299,0.14819552370068267,0.09793879370456837,0.18926230885710904,0.9262773014886854,0.9706389414942965,0.10435961147503953,1.0,0.0,0.003767846270819932,1.0,0.003767846270819932,1,0.011968588790950835,0.011968588790950835
1909,mixed_amplitude,50.0,4.0,0.05,bgr,1.0,3.072436911197883,2.0,0.1847134055829229,0.23062616190408877,0.23062616190408877,0.17274517043693394,0.759296036145757,0.13901201228708948,0.008571511156180135,0.01678443117293238,0.11483360948397174,0.9706389414942965,0.10435961147503953,0.9749749197940024,0.05308335215721708,0.003767846270819932,0.22528247907410784,0.0008472610758172479,7,0.00020984365855986065,0.00020984365855986065
1909,gaussian_noise,0.4,,1.0,ridge,1.0,3.072436911197883,2.0,0.1847134055829229,0.24203826994295335,0.24203826994295335,0.1818643568125195,0.7348850740477311,0.142505474280059,0.08267406606771774,0.17507726488389785,2.0619393146184115,1.0,0.0,1.0,0.0,1.0,1.0,1.0,1,0.010735523344160336,0.010735523344160336
1909,gaussian_noise,0.4,,1.0,huber,1.0,3.072436911197883,2.0,0.1847134055829229,0.24212065657619722,0.24212065657619722,0.18188458104729455,0.7347045600857962,0.14475624955012933,0.07771663886416741,0.15978674810470395,2.0518666752405528,1.0,0.0,0.9415569035816439,0.168737293878473,1.0,0.9415569035816439,0.9415569035816439,10,0.011508297990379945,0.011508297990379945
1909,gaussian_noise,0.4,,1.0,geometry,1.0,3.072436911197883,2.0,0.1847134055829229,0.24217364461816995,0.24217364461816995,0.18188804028341854,0.7345884277050014,0.1412164013248638,0.08301422313396793,0.17652245239303443,2.0651367696126206,0.9912327438927172,0.08538513666139598,1.0,0.0,0.9912327438927172,1.0,0.9912327438927172,1,0.01122576655807947,0.01122576655807947
1909,gaussian_noise,0.4,,1.0,bgr,1.0,3.072436911197883,2.0,0.1847134055829229,0.24265142628215253,0.24265142628215253,0.18227833295321536,0.7335401396250734,0.14459650730411666,0.07851330691362794,0.15726141744431477,2.054533665301764,0.9912327438927172,0.08538513666139598,0.9415383340596031,0.1696408402981703,0.9912327438927172,0.9415383340596031,0.9332249312789928,10,0.012235108036623615,0.012235108036623615
1909,realistic_cells,1.0,,0.05,ridge,1.0,3.072436911197883,2.0,0.1847134055829229,0.22918551670962692,0.22918551670962692,0.17178721189554017,0.762293839434232,0.12997241472181942,0.04054544317813628,0.074346851565533,0.4314223642576914,1.0,0.0,1.0,0.0,1.0,1.0,1.0,1,-0.0021172298891661,-0.0021172298891661
1909,realistic_cells,1.0,,0.05,huber,1.0,3.072436911197883,2.0,0.1847134055829229,0.2290703369985387,0.2290703369985387,0.17157601222960264,0.7625327031067701,0.1334928329353242,0.027080303775629085,0.05125704271372822,0.2825903057612828,1.0,0.0,0.9875871297418262,0.04246668172577366,1.0,0.8512123546281565,0.8512123546281565,9,-0.0015420215872785636,-0.0015420215872785636
1909,realistic_cells,1.0,,0.05,geometry,1.0,3.072436911197883,2.0,0.1847134055829229,0.22894226440017523,0.22894226440017523,0.17209901910908434,0.7627981635082373,0.12996740215138325,0.038817610065231385,0.0779157977244731,0.40194391299964927,0.9777519037603035,0.10277840524056923,1.0,0.0,0.3460404979187729,1.0,0.3460404979187729,1,-0.0020056136599152508,-0.0020056136599152508
1909,realistic_cells,1.0,,0.05,bgr,1.0,3.072436911197883,2.0,0.1847134055829229,0.22905257791114225,0.22905257791114225,0.17208930291514035,0.7625695218329439,0.13456369964049408,0.02775973808957911,0.05664663291360128,0.2704410008807966,0.9777519037603035,0.10277840524056923,0.9818966314391683,0.04856562005873052,0.3460404979187729,0.5630873151703467,0.22847577287222315,8,-0.0013637403343866594,-0.0013637403343866594
2010,nominal_raw,0.0,,0.0,ridge,1.0,3.9695393912336336,2.0,0.17689161006145004,0.2506016476538128,0.2506016476538128,0.18024277024107224,0.7489111892094977,0.12626381742517645,0.0,0.0,0.0,1.0,0.0,1.0,0.0,,,,1,0.0,0.0
2010,nominal_raw,0.0,,0.0,huber,1.0,3.9695393912336336,2.0,0.17689161006145004,0.25732968307078896,0.25732968307078896,0.18102024330709887,0.7352479778416967,0.12228962272186839,0.0,0.0,0.0,1.0,0.0,0.9884252417051029,0.038802395209580835,,,,12,0.0,0.0
2010,nominal_raw,0.0,,0.0,geometry,1.0,3.9695393912336336,2.0,0.17689161006145004,0.2502447744512571,0.2502447744512571,0.17930097739329054,0.7496258139203796,0.1206273483709912,0.0,0.0,0.0,0.9743021938692974,0.10011976047904192,1.0,0.0,,,,1,0.0,0.0
2010,nominal_raw,0.0,,0.0,bgr,1.0,3.9695393912336336,2.0,0.17689161006145004,0.257026184005486,0.257026184005486,0.18033762423749347,0.7358721157650161,0.11975572593156025,0.0,0.0,0.0,0.9743021938692974,0.10011976047904192,0.9883668191229978,0.03856287425149701,,,,12,0.0,0.0
2010,vertical_amplitude,4.0,,0.05,ridge,1.0,3.9695393912336336,2.0,0.17689161006145004,0.296342535786786,0.296342535786786,0.21823041181101052,0.6488865216449323,0.16096832104607284,0.15357055585655527,0.27785365686116137,2.416775038388919,1.0,0.0,1.0,0.0,1.0,1.0,1.0,1,0.04574088813297317,0.04574088813297317
2010,vertical_amplitude,4.0,,0.05,huber,1.0,3.9695393912336336,2.0,0.17689161006145004,0.2581968293504841,0.2581968293504841,0.1815355855375173,0.7334606554927932,0.12485066754296559,0.01951835508775158,0.031362995292472995,0.34199754829415707,1.0,0.0,0.9687206295393591,0.05892215568862275,1.0,0.08921932550098442,0.08921932550098442,12,0.0008671462796951412,0.0008671462796951412
2010,vertical_amplitude,4.0,,0.05,geometry,1.0,3.9695393912336336,2.0,0.17689161006145004,0.29553996205573035,0.29553996205573035,0.21718637734841875,0.6507857621083717,0.15841275708282887,0.15434494000565577,0.2775098777936842,2.423232242980662,0.9743021938692974,0.10011976047904192,1.0,0.0,0.9906694626835035,1.0,0.9906694626835035,1,0.045295187604473264,0.045295187604473264
2010,vertical_amplitude,4.0,,0.05,bgr,1.0,3.9695393912336336,2.0,0.17689161006145004,0.25789908017595,0.25789908017595,0.18080871595198325,0.7340750403438945,0.1259320104424314,0.01963160788456199,0.03107683360953395,0.3430488734043569,0.9743021938692974,0.10011976047904192,0.968621016399849,0.05940119760479042,0.9906694626835035,0.08919286352307557,0.08841192476738662,12,0.0008728961704639882,0.0008728961704639882
2010,leverage_amplitude,50.0,,0.05,ridge,1.0,3.9695393912336336,2.0,0.17689161006145004,0.38349400963419383,0.38349400963419383,0.2961987824957036,0.41200086858094065,0.2405681469329054,0.3178731860397195,0.6103211692457444,2.685482853319352,1.0,0.0,1.0,0.0,1.0,1.0,1.0,1,0.132892361980381,0.132892361980381
2010,leverage_amplitude,50.0,,0.05,huber,1.0,3.9695393912336336,2.0,0.17689161006145004,0.3428080233658348,0.3428080233658348,0.25725859574046944,0.5301475761843717,0.19915866198103171,0.2645493746923896,0.4968092406239757,2.165977328656145,1.0,0.0,0.9605165175052849,0.1192814371257485,1.0,0.6858901720792562,0.6858901720792562,12,0.08547834029504586,0.08547834029504586
2010,leverage_amplitude,50.0,,0.05,geometry,1.0,3.9695393912336336,2.0,0.17689161006145004,0.251697314192184,0.251697314192184,0.182138279016046,0.7467107965132678,0.1299000188399828,0.05460310922915017,0.10881181561864928,0.44831388790510407,0.9526104420995409,0.12119760479041916,1.0,0.0,0.006288336175528406,1.0,0.006288336175528406,1,0.0014525397409269059,0.0014525397409269059
2010,leverage_amplitude,50.0,,0.05,bgr,1.0,3.9695393912336336,2.0,0.17689161006145004,0.256761173510205,0.256761173510205,0.1798986020692923,0.7364165005806229,0.11700934164828003,0.010060990783571287,0.01907072375456753,0.1316315997700739,0.9526104420995409,0.12119760479041916,0.9727466489368984,0.0562874251497006,0.006288336175528406,0.2669019623213071,0.0016775521155155684,12,-0.00026501049528099285,-0.00026501049528099285
2010,mixed_amplitude,50.0,4.0,0.05,ridge,1.0,3.9695393912336336,2.0,0.17689161006145004,0.3891929356842886,0.3891929356842886,0.29800640229744785,0.39439505447219236,0.22266489410674517,0.32140899719738647,0.6566464327613053,3.374479125340658,1.0,0.0,1.0,0.0,1.0,1.0,1.0,1,0.13859128803047577,0.13859128803047577
2010,mixed_amplitude,50.0,4.0,0.05,huber,1.0,3.9695393912336336,2.0,0.17689161006145004,0.29190747372905806,0.29190747372905806,0.21388107544092155,0.659317406699338,0.16754258900651875,0.17431063787310008,0.33579849654693295,1.3643202150256863,1.0,0.0,0.9683868687829774,0.0807185628742515,1.0,0.41964745463776515,0.41964745463776515,12,0.0345777906582691,0.0345777906582691
2010,mixed_amplitude,50.0,4.0,0.05,geometry,1.0,3.9695393912336336,2.0,0.17689161006145004,0.2522338550545317,0.2522338550545317,0.18266889255852997,0.7456297769839146,0.131305151993249,0.05665138567578722,0.11568854265254647,0.44855427254059344,0.9526104420995409,0.12119760479041916,1.0,0.0,0.006288336175528406,1.0,0.006288336175528406,1,0.001989080603274629,0.001989080603274629
2010,mixed_amplitude,50.0,4.0,0.05,bgr,1.0,3.9695393912336336,2.0,0.17689161006145004,0.2569183327436547,0.2569183327436547,0.17991740553091223,0.7360937316993326,0.12037585468227785,0.009793642965364209,0.017739249225062537,0.12967907264718667,0.9526104420995409,0.12119760479041916,0.9704301730615763,0.05916167664670659,0.006288336175528406,0.16331219880704967,0.0010270624145837864,12,-0.00010785126183127103,-0.00010785126183127103
2010,gaussian_noise,0.4,,1.0,ridge,1.0,3.9695393912336336,2.0,0.17689161006145004,0.2752721782361652,0.2752721782361652,0.20057368894655364,0.6970407935325786,0.14354971163094443,0.10021805495417917,0.2181830475394788,2.100754059968467,1.0,0.0,1.0,0.0,1.0,1.0,1.0,1,0.024670530582352357,0.024670530582352357
2010,gaussian_noise,0.4,,1.0,huber,1.0,3.9695393912336336,2.0,0.17689161006145004,0.29013757779603716,0.29013757779603716,0.20507769907925255,0.6634361416798802,0.1441588169875987,0.11511031549733997,0.21618988456290822,2.1604828329670616,1.0,0.0,0.9328204460415651,0.17964071856287425,1.0,0.9328204460415651,0.9328204460415651,12,0.0328078947252482,0.0328078947252482
2010,gaussian_noise,0.4,,1.0,geometry,1.0,3.9695393912336336,2.0,0.17689161006145004,0.26989215209483336,0.26989215209483336,0.1981362330632667,0.7087673725440242,0.14735476452575313,0.09819129533596584,0.21808197948375607,2.0955541345814446,0.9743021938692974,0.10011976047904192,1.0,0.0,0.9743021938692974,1.0,0.9743021938692974,1,0.01964737764357627,0.01964737764357627
2010,gaussian_noise,0.4,,1.0,bgr,1.0,3.9695393912336336,2.0,0.17689161006145004,0.2839775486446336,0.2839775486446336,0.20383125473627312,0.6775758767582194,0.14713596680619978,0.11332186903402008,0.22732548589061974,2.1681668603301536,0.9743021938692974,0.10011976047904192,0.9328894034351074,0.1829940119760479,0.9743021938692974,0.9328894034351074,0.9082584982839021,12,0.0269513646391476,0.0269513646391476
2010,realistic_cells,1.0,,0.05,ridge,1.0,3.9695393912336336,2.0,0.17689161006145004,0.25045380419929303,0.25045380419929303,0.18143945237071538,0.7492073635358605,0.12928217851751866,0.027655163002509822,0.05494150991922986,0.2708463565676342,1.0,0.0,1.0,0.0,1.0,1.0,1.0,1,-0.00014784345451979153,-0.00014784345451979153
2010,realistic_cells,1.0,,0.05,huber,1.0,3.9695393912336336,2.0,0.17689161006145004,0.2568936908750058,0.2568936908750058,0.18147144467157114,0.7361443534798873,0.126990972726446,0.015256276703497416,0.028598309750567097,0.15792319546697686,1.0,0.0,0.9861968219942612,0.043353293413173656,1.0,0.8764012575371689,0.8764012575371689,12,-0.0004359921957831636,-0.0004359921957831636
2010,realistic_cells,1.0,,0.05,geometry,1.0,3.9695393912336336,2.0,0.17689161006145004,0.2502252133674313,0.2502252133674313,0.17992513143391922,0.7496649547898384,0.1241231158362448,0.030830345664388706,0.060997525783871964,0.28528567948931005,0.9573756570408726,0.12095808383233533,1.0,0.0,0.2225358620457453,1.0,0.2225358620457453,1,-1.9561083825780923e-05,-1.9561083825780923e-05
2010,realistic_cells,1.0,,0.05,bgr,1.0,3.9695393912336336,2.0,0.17689161006145004,0.25681513669661776,0.25681513669661776,0.1804127741895272,0.7363056948850417,0.12101134853402729,0.022779633002369543,0.04547145595245805,0.19977812949223595,0.9573756570408726,0.12095808383233533,0.9789573428744931,0.052934131736526946,0.2225358620457453,0.5470152962029449,0.1369242533824234,12,-0.00021104730886822853,-0.00021104730886822853
