seed,family,variant,scenario,rmse,delta_rmse,kappa_x,kappa_y,scale,mean_corrupt_weight
1101,huber_scale,huber_pure,nominal,0.285317183306257,0.0,inf,1.5,0.1870787164275166,
1101,huber_scale,huber_pure,vertical,0.2868672633395384,0.0015500800332813869,inf,1.5,0.1870787164275166,0.0714048026767299
1101,huber_scale,huber_geometry_anchored_scale,nominal,0.2852778786323175,0.0,inf,2.0,0.18495611805939283,
1101,huber_scale,huber_geometry_anchored_scale,vertical,0.28717837401006074,0.0019004953777432276,inf,2.0,0.18495611805939283,0.09420178201105717
1101,kappa_x,line,nominal,0.28650665573476763,0.0,3.273533633738855,2.0,0.18495611805939283,
1101,kappa_x,line,vertical,0.2884992702821108,0.0019926145473431744,3.273533633738855,2.0,0.18495611805939283,0.09369472457230196
1101,kappa_x,line,leverage,0.2856321942738705,-0.0008744614608971468,3.273533633738855,2.0,0.18495611805939283,0.0017332490228159703
1101,kappa_x,line,mixed,0.28613802984101927,-0.0003686258937483644,3.273533633738855,2.0,0.18495611805939283,0.000568223847947032
1101,kappa_x,per_id,nominal,0.2862205719284212,0.0,3.0046826886204663,2.0,0.18335322198389015,
1101,kappa_x,per_id,vertical,0.2882203453317723,0.0019997734033511128,3.0046826886204663,2.0,0.18335322198389015,0.09203094348862015
1101,kappa_x,per_id,leverage,0.28540124505208087,-0.0008193268763403427,3.0046826886204663,2.0,0.18335322198389015,0.0013199775231678694
1101,kappa_x,per_id,mixed,0.2858691160730772,-0.00035145585534401835,3.0046826886204663,2.0,0.18335322198389015,0.0004824920260245198
1101,kappa_x,pi_weighted,nominal,0.286220950780414,0.0,3.004945536629352,2.0,0.18334396195211675,
1101,kappa_x,pi_weighted,vertical,0.2882206055818096,0.001999654801395634,3.004945536629352,2.0,0.18334396195211675,0.09202801837920481
1101,kappa_x,pi_weighted,leverage,0.28540156527194077,-0.0008193855084732138,3.004945536629352,2.0,0.18334396195211675,0.0013202355900177492
1101,kappa_x,pi_weighted,mixed,0.2858694656330407,-0.00035148514737326497,3.004945536629352,2.0,0.18334396195211675,0.00048254080010540353
1202,huber_scale,huber_pure,nominal,0.25344804330378473,0.0,inf,1.5,0.1775731181704993,
1202,huber_scale,huber_pure,vertical,0.25373479955780714,0.00028675625402241334,inf,1.5,0.1775731181704993,0.06726456786459101
1202,huber_scale,huber_geometry_anchored_scale,nominal,0.25307360565508646,0.0,inf,2.0,0.17301866916416356,
1202,huber_scale,huber_geometry_anchored_scale,vertical,0.2534941149833631,0.00042050932827664145,inf,2.0,0.17301866916416356,0.08750898058727369
1202,kappa_x,line,nominal,0.25299334390981026,0.0,3.676402589769803,2.0,0.17301866916416356,
1202,kappa_x,line,vertical,0.2534085005844561,0.0004151566746458113,3.676402589769803,2.0,0.17301866916416356,0.0864044259851422
1202,kappa_x,line,leverage,0.25338068133141384,0.000387337421603573,3.676402589769803,2.0,0.17301866916416356,0.0027553367404267283
1202,kappa_x,line,mixed,0.2535066990330494,0.0005133551232391342,3.676402589769803,2.0,0.17301866916416356,0.0004304079810692117
1202,kappa_x,per_id,nominal,0.25321177243596144,0.0,3.4095239531357495,2.0,0.17175530515644813,
1202,kappa_x,per_id,vertical,0.2537307271969873,0.0005189547610258693,3.4095239531357495,2.0,0.17175530515644813,0.08488766307936985
1202,kappa_x,per_id,leverage,0.25357035661643773,0.0003585841804762957,3.4095239531357495,2.0,0.17175530515644813,0.0024305467868411383
1202,kappa_x,per_id,mixed,0.25366753422960764,0.0004557617936462033,3.4095239531357495,2.0,0.17175530515644813,0.00036532349424482787
1202,kappa_x,pi_weighted,nominal,0.25321177243596144,0.0,3.4095239531357495,2.0,0.17175530515644813,
1202,kappa_x,pi_weighted,vertical,0.2537307271969873,0.0005189547610258693,3.4095239531357495,2.0,0.17175530515644813,0.08488766307936985
1202,kappa_x,pi_weighted,leverage,0.25357035661643773,0.0003585841804762957,3.4095239531357495,2.0,0.17175530515644813,0.0024305467868411383
1202,kappa_x,pi_weighted,mixed,0.25366753422960764,0.0004557617936462033,3.4095239531357495,2.0,0.17175530515644813,0.00036532349424482787
1303,huber_scale,huber_pure,nominal,0.2719596325890825,0.0,inf,1.5,0.17004004952856874,
1303,huber_scale,huber_pure,vertical,0.27213006134049533,0.0001704287514128211,inf,1.5,0.17004004952856874,0.06481646635359994
1303,huber_scale,huber_geometry_anchored_scale,nominal,0.27111842199294434,0.0,inf,2.0,0.16994263832051426,
1303,huber_scale,huber_geometry_anchored_scale,vertical,0.2714816314749961,0.00036320948205176284,inf,2.0,0.16994263832051426,0.08646436279638493
1303,kappa_x,line,nominal,0.27066605067422367,0.0,4.526603196808532,2.0,0.16994263832051426,
1303,kappa_x,line,vertical,0.2711724271580137,0.0005063764837900386,4.526603196808532,2.0,0.16994263832051426,0.08582321737865174
1303,kappa_x,line,leverage,0.2701834325374709,-0.000482618136752766,4.526603196808532,2.0,0.16994263832051426,0.003975986262426077
1303,kappa_x,line,mixed,0.26991694504993724,-0.000749105624286428,4.526603196808532,2.0,0.16994263832051426,0.0006487061116291014
1303,kappa_x,per_id,nominal,0.27146154246727705,0.0,3.4259390183854284,2.0,0.1676559646166742,
1303,kappa_x,per_id,vertical,0.2718051775949308,0.0003436351276537297,3.4259390183854284,2.0,0.1676559646166742,0.08348719361204672
1303,kappa_x,per_id,leverage,0.27117310700768255,-0.0002884354595945049,3.4259390183854284,2.0,0.1676559646166742,0.0022212146941512885
1303,kappa_x,per_id,mixed,0.2710011171899381,-0.00046042527733897165,3.4259390183854284,2.0,0.1676559646166742,0.0003639670201083183
1303,kappa_x,pi_weighted,nominal,0.27146154246727705,0.0,3.4259390183854284,2.0,0.1676559646166742,
1303,kappa_x,pi_weighted,vertical,0.2718051775949308,0.0003436351276537297,3.4259390183854284,2.0,0.1676559646166742,0.08348719361204672
1303,kappa_x,pi_weighted,leverage,0.27117310700768255,-0.0002884354595945049,3.4259390183854284,2.0,0.1676559646166742,0.0022212146941512885
1303,kappa_x,pi_weighted,mixed,0.2710011171899381,-0.00046042527733897165,3.4259390183854284,2.0,0.1676559646166742,0.0003639670201083183
1404,huber_scale,huber_pure,nominal,0.260100508855381,0.0,inf,1.5,0.17574940554734628,
1404,huber_scale,huber_pure,vertical,0.26030050006361216,0.000199991208231165,inf,1.5,0.17574940554734628,0.06675493273955223
1404,huber_scale,huber_geometry_anchored_scale,nominal,0.25758367178560465,0.0,inf,2.0,0.17516022971827042,
1404,huber_scale,huber_geometry_anchored_scale,vertical,0.25826331744636327,0.000679645660758621,inf,2.0,0.17516022971827042,0.08881319119363686
1404,kappa_x,line,nominal,0.25799441988124244,0.0,3.1797529976362253,2.0,0.17516022971827042,
1404,kappa_x,line,vertical,0.2586275241543422,0.0006331042730997605,3.1797529976362253,2.0,0.17516022971827042,0.08862555514891632
1404,kappa_x,line,leverage,0.2574570210692203,-0.0005373988120221385,3.1797529976362253,2.0,0.17516022971827042,0.001915278707206949
1404,kappa_x,line,mixed,0.2575624142394171,-0.0004320056418253282,3.1797529976362253,2.0,0.17516022971827042,0.00032974016580552645
1404,kappa_x,per_id,nominal,0.2581663978322085,0.0,3.070530864531256,2.0,0.17592457691520086,
1404,kappa_x,per_id,vertical,0.2587913001643126,0.0006249023321041047,3.070530864531256,2.0,0.17592457691520086,0.08863041343204786
1404,kappa_x,per_id,leverage,0.25763692665081467,-0.000529471181393848,3.070530864531256,2.0,0.17592457691520086,0.0017777463252325338
1404,kappa_x,per_id,mixed,0.2577399654800387,-0.00042643235216982545,3.070530864531256,2.0,0.17592457691520086,0.0003100997734287619
1404,kappa_x,pi_weighted,nominal,0.2581663978322085,0.0,3.070530864531256,2.0,0.17592457691520086,
1404,kappa_x,pi_weighted,vertical,0.2587913001643126,0.0006249023321041047,3.070530864531256,2.0,0.17592457691520086,0.08863041343204786
1404,kappa_x,pi_weighted,leverage,0.25763692665081467,-0.000529471181393848,3.070530864531256,2.0,0.17592457691520086,0.0017777463252325338
1404,kappa_x,pi_weighted,mixed,0.2577399654800387,-0.00042643235216982545,3.070530864531256,2.0,0.17592457691520086,0.0003100997734287619
1505,huber_scale,huber_pure,nominal,0.25952330039469595,0.0,inf,1.5,0.18431816107056978,
1505,huber_scale,huber_pure,vertical,0.26106713326999637,0.0015438328753004105,inf,1.5,0.18431816107056978,0.0693366738787936
1505,huber_scale,huber_geometry_anchored_scale,nominal,0.2583115476940414,0.0,inf,2.0,0.18374176192431196,
1505,huber_scale,huber_geometry_anchored_scale,vertical,0.2600345803555048,0.0017230326614633973,inf,2.0,0.18374176192431196,0.09224271329004925
1505,kappa_x,line,nominal,0.257662839486567,0.0,3.7263716419828947,2.0,0.18374176192431196,
1505,kappa_x,line,vertical,0.25930143962932617,0.0016386001427591834,3.7263716419828947,2.0,0.18374176192431196,0.09115737667814633
1505,kappa_x,line,leverage,0.2584369361618604,0.0007740966752934342,3.7263716419828947,2.0,0.18374176192431196,0.002762446251293096
1505,kappa_x,line,mixed,0.258398777699508,0.0007359382129409897,3.7263716419828947,2.0,0.18374176192431196,0.0005202382547495021
1505,kappa_x,per_id,nominal,0.25749745682567104,0.0,3.4567443917830336,2.0,0.1817555035032236,
1505,kappa_x,per_id,vertical,0.2591008003121775,0.001603343486506481,3.4567443917830336,2.0,0.1817555035032236,0.08937115812328607
1505,kappa_x,per_id,leverage,0.2582530196516578,0.0007555628259867664,3.4567443917830336,2.0,0.1817555035032236,0.0023312441538370678
1505,kappa_x,per_id,mixed,0.2582398811747678,0.0007424243490967708,3.4567443917830336,2.0,0.1817555035032236,0.0004397287793921322
1505,kappa_x,pi_weighted,nominal,0.25749745682567104,0.0,3.4567443917830336,2.0,0.1817555035032236,
1505,kappa_x,pi_weighted,vertical,0.2591008003121775,0.001603343486506481,3.4567443917830336,2.0,0.1817555035032236,0.08937115812328607
1505,kappa_x,pi_weighted,leverage,0.2582530196516578,0.0007555628259867664,3.4567443917830336,2.0,0.1817555035032236,0.0023312441538370678
1505,kappa_x,pi_weighted,mixed,0.2582398811747678,0.0007424243490967708,3.4567443917830336,2.0,0.1817555035032236,0.0004397287793921322
