seed,scenario,level,method,rmse,delta_rmse,rmse_all,delta_rmse_all,mean_corrupt_weight,mean_corrupt_leverage_factor,irls_iterations,alpha,kappa_x,q_geometry,kappa_y,scale
1101,nominal_raw,0.0,ridge,0.2842032646975366,0.0,0.2842032646975366,0.0,,,,,,,,
1101,nominal_raw,0.0,huber,0.2852826616963582,0.0,0.2852826616963582,0.0,,,,,,,,
1101,nominal_raw,0.0,geometry,0.2853147375872759,0.0,0.2853147375872759,0.0,,,,,,,,
1101,nominal_raw,0.0,bgr,0.2865047416676045,0.0,0.2865047416676045,0.0,,,,,,,,
1101,vertical_amplitude,4.0,ridge,0.3408148697051523,0.0566116050076157,0.3408148697051523,0.0566116050076157,1.0,,,,,,,
1101,vertical_amplitude,4.0,huber,0.2871723268927815,0.0018896651964233,0.2871723268927815,0.0018896651964233,0.0942017820110571,,,,,,,
1101,vertical_amplitude,4.0,geometry,0.3442661120504458,0.0589513744631699,0.3442661120504458,0.0589513744631699,0.9951336156153168,,,,,,,
1101,vertical_amplitude,4.0,bgr,0.2884869960001338,0.0019822543325292,0.2884869960001338,0.0019822543325292,0.0936947245723019,,,,,,,
1101,leverage_amplitude,50.0,ridge,0.4388409033092888,0.1546376386117522,0.4388409033092888,0.1546376386117522,1.0,,,,,,,
1101,leverage_amplitude,50.0,huber,0.4361665096883246,0.1508838479919664,0.4361665096883246,0.1508838479919664,0.8465403244692247,,,,,,,
1101,leverage_amplitude,50.0,geometry,0.2952131697272097,0.0098984321399338,0.2952131697272097,0.0098984321399338,0.004273402494875,,,,,,,
1101,leverage_amplitude,50.0,bgr,0.2856338620205225,-0.000870879647082,0.2856338620205225,-0.000870879647082,0.0017332490228159,,,,,,,
1101,mixed_amplitude,50.0,ridge,0.4714107419250111,0.1872074772274745,0.4714107419250111,0.1872074772274745,1.0,,,,,,,
1101,mixed_amplitude,50.0,huber,0.3729241805914364,0.0876415188950782,0.3729241805914364,0.0876415188950782,0.3695436451688523,,,,,,,
1101,mixed_amplitude,50.0,geometry,0.2951226844498565,0.0098079468625806,0.2951226844498565,0.0098079468625806,0.004273402494875,,,,,,,
1101,mixed_amplitude,50.0,bgr,0.2861383110584743,-0.0003664306091301,0.2861383110584743,-0.0003664306091301,0.000568223847947,,,,,,,
1101,gaussian_noise,0.4,ridge,0.3231309497212106,0.038927685023674,0.3231309497212106,0.038927685023674,1.0,,,,,,,
1101,gaussian_noise,0.4,huber,0.3276141319657519,0.0423314702693937,0.3276141319657519,0.0423314702693937,0.9489735396942128,,,,,,,
1101,gaussian_noise,0.4,geometry,0.3254770330725083,0.0401622954852324,0.3254770330725083,0.0401622954852324,0.9933388561971692,,,,,,,
1101,gaussian_noise,0.4,bgr,0.3296616662159814,0.0431569245483768,0.3296616662159814,0.0431569245483768,0.9426269925869196,,,,,,,
1202,nominal_raw,0.0,ridge,0.2532113787284594,0.0,0.2532113787284594,0.0,,,,,,,,
1202,nominal_raw,0.0,huber,0.2530733308373049,0.0,0.2530733308373049,0.0,,,,,,,,
1202,nominal_raw,0.0,geometry,0.252727889036372,0.0,0.252727889036372,0.0,,,,,,,,
1202,nominal_raw,0.0,bgr,0.2529929912430316,0.0,0.2529929912430316,0.0,,,,,,,,
1202,vertical_amplitude,4.0,ridge,0.3181859642121591,0.0649745854836997,0.3181859642121591,0.0649745854836997,1.0,,,,,,,
1202,vertical_amplitude,4.0,huber,0.2534936652752763,0.0004203344379714,0.2534936652752763,0.0004203344379714,0.0875089805872736,,,,,,,
1202,vertical_amplitude,4.0,geometry,0.3182840780438575,0.0655561890074855,0.3182840780438575,0.0655561890074855,0.9874448816544024,,,,,,,
1202,vertical_amplitude,4.0,bgr,0.2534079544792947,0.0004149632362631,0.2534079544792947,0.0004149632362631,0.0864044259851422,,,,,,,
1202,leverage_amplitude,50.0,ridge,0.4077390793342509,0.1545277006057915,0.4077390793342509,0.1545277006057915,1.0,,,,,,,
1202,leverage_amplitude,50.0,huber,0.3785158696434494,0.1254425388061446,0.3785158696434494,0.1254425388061446,0.7794881007521468,,,,,,,
1202,leverage_amplitude,50.0,geometry,0.2666517249477027,0.0139238359113306,0.2666517249477027,0.0139238359113306,0.0053981824889233,,,,,,,
1202,leverage_amplitude,50.0,bgr,0.2533802758183544,0.0003872845753227,0.2533802758183544,0.0003872845753227,0.0027553367404267,,,,,,,
1202,mixed_amplitude,50.0,ridge,0.4450577776420675,0.191846398913608,0.4450577776420675,0.191846398913608,1.0,,,,,,,
1202,mixed_amplitude,50.0,huber,0.3262685822348827,0.0731952513975778,0.3262685822348827,0.0731952513975778,0.335917856539729,,,,,,,
1202,mixed_amplitude,50.0,geometry,0.2687497175431406,0.0160218285067686,0.2687497175431406,0.0160218285067686,0.0053981824889233,,,,,,,
1202,mixed_amplitude,50.0,bgr,0.2535062133645173,0.0005132221214857,0.2535062133645173,0.0005132221214857,0.0004304079810692,,,,,,,
1202,gaussian_noise,0.4,ridge,0.2676745813497806,0.0144632026213212,0.2676745813497806,0.0144632026213212,1.0,,,,,,,
1202,gaussian_noise,0.4,huber,0.2674250474256376,0.0143517165883327,0.2674250474256376,0.0143517165883327,0.929552545505498,,,,,,,
1202,gaussian_noise,0.4,geometry,0.2687146137226593,0.0159867246862873,0.2687146137226593,0.0159867246862873,0.969569525248048,,,,,,,
1202,gaussian_noise,0.4,bgr,0.2681423738786343,0.0151493826356027,0.2681423738786343,0.0151493826356027,0.8999860101037871,,,,,,,
1303,nominal_raw,0.0,ridge,0.2708474229136274,0.0,0.2708474229136274,0.0,,,,,,,,
1303,nominal_raw,0.0,huber,0.2711173618858266,0.0,0.2711173618858266,0.0,,,,,,,,
1303,nominal_raw,0.0,geometry,0.2707523072556628,0.0,0.2707523072556628,0.0,,,,,,,,
1303,nominal_raw,0.0,bgr,0.2706646687468612,0.0,0.2706646687468612,0.0,,,,,,,,
1303,vertical_amplitude,4.0,ridge,0.3170514238132528,0.0462040008996253,0.3170514238132528,0.0462040008996253,1.0,,,,,,,
1303,vertical_amplitude,4.0,huber,0.2714797428726087,0.000362380986782,0.2714797428726087,0.000362380986782,0.0864643627963849,,,,,,,
1303,vertical_amplitude,4.0,geometry,0.3203374799490677,0.0495851726934049,0.3203374799490677,0.0495851726934049,0.9935087477325708,,,,,,,
1303,vertical_amplitude,4.0,bgr,0.2711701844537193,0.0005055157068581,0.2711701844537193,0.0005055157068581,0.0858232173786517,,,,,,,
1303,leverage_amplitude,50.0,ridge,0.410335636487651,0.1394882135740235,0.410335636487651,0.1394882135740235,1.0,,,,,,,
1303,leverage_amplitude,50.0,huber,0.3815963684484404,0.1104790065626137,0.3815963684484404,0.1104790065626137,0.7877850643311781,,,,,,,
1303,leverage_amplitude,50.0,geometry,0.297425008108352,0.0266727008526891,0.297425008108352,0.0266727008526891,0.0081661914664853,,,,,,,
1303,leverage_amplitude,50.0,bgr,0.2701823821248534,-0.0004822866220077,0.2701823821248534,-0.0004822866220077,0.003975986262426,,,,,,,
1303,mixed_amplitude,50.0,ridge,0.4189970911168248,0.1481496682031974,0.4189970911168248,0.1481496682031974,1.0,,,,,,,
1303,mixed_amplitude,50.0,huber,0.3313922108705265,0.0602748489846998,0.3313922108705265,0.0602748489846998,0.4336499848495688,,,,,,,
1303,mixed_amplitude,50.0,geometry,0.2956134269744541,0.0248611197187912,0.2956134269744541,0.0248611197187912,0.0081661914664853,,,,,,,
1303,mixed_amplitude,50.0,bgr,0.2699149869533626,-0.0007496817934985,0.2699149869533626,-0.0007496817934985,0.0006487061116291,,,,,,,
1303,gaussian_noise,0.4,ridge,0.2969132166463478,0.0260657937327203,0.2969132166463478,0.0260657937327203,1.0,,,,,,,
1303,gaussian_noise,0.4,huber,0.2979475838664421,0.0268302219806155,0.2979475838664421,0.0268302219806155,0.9328622919193438,,,,,,,
1303,gaussian_noise,0.4,geometry,0.2976018511326419,0.026849543876979,0.2976018511326419,0.026849543876979,0.9950446142646376,,,,,,,
1303,gaussian_noise,0.4,bgr,0.298180187653831,0.0275155189069697,0.298180187653831,0.0275155189069697,0.9281649593314432,,,,,,,
1404,nominal_raw,0.0,ridge,0.2549341756212808,0.0,0.257300501382501,0.0,,,,,,,,
1404,nominal_raw,0.0,huber,0.2575883139281173,0.0,0.2602132089782214,0.0,,,,,,,,
1404,nominal_raw,0.0,geometry,0.2552773318441847,0.0,0.255842670540938,0.0,,,,,,,,
1404,nominal_raw,0.0,bgr,0.257999882314935,0.0,0.2588630903655109,0.0,,,,,,,,
1404,vertical_amplitude,4.0,ridge,0.3179076919038096,0.0629735162825287,0.3310320881721273,0.0737315867896263,1.0,,,,,,,
1404,vertical_amplitude,4.0,huber,0.258257945823527,0.0006696318954096,0.2625925830707836,0.0023793740925621,0.0888131911936368,,,,,,,
1404,vertical_amplitude,4.0,geometry,0.3191037325210793,0.0638264006768946,0.3481815839765023,0.0923389134355643,0.9980338812101216,,,,,,,
1404,vertical_amplitude,4.0,bgr,0.2586229620134896,0.0006230796985546,0.2618747030680652,0.0030116127025542,0.0886255551489163,,,,,,,
1404,leverage_amplitude,50.0,ridge,0.3963949006881751,0.1414607250668942,0.3961197810121319,0.1388192796296309,1.0,,,,,,,
1404,leverage_amplitude,50.0,huber,0.3991676480105688,0.1415793340824515,0.398947335134752,0.1387341261565305,0.8792716642898802,,,,,,,
1404,leverage_amplitude,50.0,geometry,0.2660102293001695,0.0107328974559848,0.3228552389819619,0.0670125684410239,0.0040298316462607,,,,,,,
1404,leverage_amplitude,50.0,bgr,0.257460966100298,-0.0005389162146369,0.2587528998786812,-0.0001101904868296,0.0019152787072069,,,,,,,
1404,mixed_amplitude,50.0,ridge,0.4680786922926239,0.213144516671343,0.4704252806615416,0.2131247792790406,1.0,,,,,,,
1404,mixed_amplitude,50.0,huber,0.4024968805832897,0.1449085666551724,0.4061375516244823,0.1459243426462609,0.2427568626490255,,,,,,,
1404,mixed_amplitude,50.0,geometry,0.2658103391019676,0.0105330072577829,0.3148822420079062,0.0590395714669682,0.0040298316462607,,,,,,,
1404,mixed_amplitude,50.0,bgr,0.2575681913770204,-0.0004316909379145,0.2592625612709354,0.0003994709054245,0.0003297401658055,,,,,,,
1404,gaussian_noise,0.4,ridge,0.2807173726416037,0.0257831970203228,0.2841777253531126,0.0268772239706115,1.0,,,,,,,
1404,gaussian_noise,0.4,huber,0.2877829545096934,0.0301946405815761,0.2881481398626252,0.0279349308844037,0.9230719914322192,,,,,,,
1404,gaussian_noise,0.4,geometry,0.280630818447271,0.0253534866030863,0.2839593503961077,0.0281166798551697,0.9919935443717348,,,,,,,
1404,gaussian_noise,0.4,bgr,0.2881951844604799,0.0301953021455449,0.2895767967667194,0.0307137064012084,0.9157435484480596,,,,,,,
1505,nominal_raw,0.0,ridge,0.2570631241096188,0.0,0.2570631241096188,0.0,,,,,,,,
1505,nominal_raw,0.0,huber,0.2583115476940414,0.0,0.2583115476940414,0.0,,,,,,,,
1505,nominal_raw,0.0,geometry,0.2566526382120236,0.0,0.2566526382120236,0.0,,,,,,,,
1505,nominal_raw,0.0,bgr,0.257662839486567,0.0,0.257662839486567,0.0,,,,,,,,
1505,vertical_amplitude,4.0,ridge,0.3242320635480382,0.0671689394384194,0.3242320635480382,0.0671689394384194,1.0,,,,,,,
1505,vertical_amplitude,4.0,huber,0.2600345803555048,0.0017230326614633,0.2600345803555048,0.0017230326614633,0.0922427132900492,,,,,,,
1505,vertical_amplitude,4.0,geometry,0.3247660598400631,0.0681134216280395,0.3247660598400631,0.0681134216280395,0.988346111034686,,,,,,,
1505,vertical_amplitude,4.0,bgr,0.2593014396293261,0.0016386001427591,0.2593014396293261,0.0016386001427591,0.0911573766781463,,,,,,,
1505,leverage_amplitude,50.0,ridge,0.3946929481573292,0.1376298240477104,0.3946929481573292,0.1376298240477104,1.0,,,,,,,
1505,leverage_amplitude,50.0,huber,0.3488034583727951,0.0904919106787536,0.3488034583727951,0.0904919106787536,0.79737066647921,,,,,,,
1505,leverage_amplitude,50.0,geometry,0.2654077277327514,0.0087550895207277,0.2654077277327514,0.0087550895207277,0.0055527356144943,,,,,,,
1505,leverage_amplitude,50.0,bgr,0.2584369361618604,0.0007740966752934,0.2584369361618604,0.0007740966752934,0.002762446251293,,,,,,,
1505,mixed_amplitude,50.0,ridge,0.4222908568063895,0.1652277326967707,0.4222908568063895,0.1652277326967707,1.0,,,,,,,
1505,mixed_amplitude,50.0,huber,0.3071790302510416,0.0488674825570002,0.3071790302510416,0.0488674825570002,0.4180142704585583,,,,,,,
1505,mixed_amplitude,50.0,geometry,0.2659205671180729,0.0092679289060492,0.2659205671180729,0.0092679289060492,0.0055527356144943,,,,,,,
1505,mixed_amplitude,50.0,bgr,0.258398777699508,0.000735938212941,0.258398777699508,0.000735938212941,0.0005202382547495,,,,,,,
1505,gaussian_noise,0.4,ridge,0.2859815663167852,0.0289184422071663,0.2859815663167852,0.0289184422071663,1.0,,,,,,,
1505,gaussian_noise,0.4,huber,0.288510589553945,0.0301990418599035,0.288510589553945,0.0301990418599035,0.9463749738963904,,,,,,,
1505,gaussian_noise,0.4,geometry,0.2870872675307812,0.0304346293187575,0.2870872675307812,0.0304346293187575,0.9679868861821136,,,,,,,
1505,gaussian_noise,0.4,bgr,0.2896752729084106,0.0320124334218436,0.2896752729084106,0.0320124334218436,0.9152203580890932,,,,,,,
1606,nominal_raw,0.0,ridge,0.2584743372928017,0.0,0.2584743372928017,0.0,,,,,,,,
1606,nominal_raw,0.0,huber,0.2585082875492387,0.0,0.2585082875492387,0.0,,,,,,,,
1606,nominal_raw,0.0,geometry,0.2577301169398285,0.0,0.2577301169398285,0.0,,,,,,,,
1606,nominal_raw,0.0,bgr,0.2582111398945499,0.0,0.2582111398945499,0.0,,,,,,,,
1606,vertical_amplitude,4.0,ridge,0.3116612331024267,0.0531868958096249,0.3116612331024267,0.0531868958096249,1.0,,,,,,,
1606,vertical_amplitude,4.0,huber,0.2598741079568258,0.001365820407587,0.2598741079568258,0.001365820407587,0.0905816024674415,,,,,,,
1606,vertical_amplitude,4.0,geometry,0.3133785211067273,0.0556484041668987,0.3133785211067273,0.0556484041668987,0.996185794794228,,,,,,,
1606,vertical_amplitude,4.0,bgr,0.2596583079688409,0.0014471680742909,0.2596583079688409,0.0014471680742909,0.0902510467923529,,,,,,,
1606,leverage_amplitude,50.0,ridge,0.4281099606670147,0.1696356233742129,0.4281099606670147,0.1696356233742129,1.0,,,,,,,
1606,leverage_amplitude,50.0,huber,0.3886744296665927,0.1301661421173539,0.3886744296665927,0.1301661421173539,0.8376996805444538,,,,,,,
1606,leverage_amplitude,50.0,geometry,0.292187213688903,0.0344570967490744,0.292187213688903,0.0344570967490744,0.0054516774990456,,,,,,,
1606,leverage_amplitude,50.0,bgr,0.2582243095489689,1.3169654418998531e-05,0.2582243095489689,1.3169654418998531e-05,0.0021144643364774,,,,,,,
1606,mixed_amplitude,50.0,ridge,0.4733514327679878,0.214877095475186,0.4733514327679878,0.214877095475186,1.0,,,,,,,
1606,mixed_amplitude,50.0,huber,0.3719696883019183,0.1134614007526795,0.3719696883019183,0.1134614007526795,0.3438909520912976,,,,,,,
1606,mixed_amplitude,50.0,geometry,0.2926942287355554,0.0349641117957268,0.2926942287355554,0.0349641117957268,0.0054516774990456,,,,,,,
1606,mixed_amplitude,50.0,bgr,0.2586286981847988,0.0004175582902488,0.2586286981847988,0.0004175582902488,0.0004441077870082,,,,,,,
1606,gaussian_noise,0.4,ridge,0.2689930285631143,0.0105186912703126,0.2689930285631143,0.0105186912703126,1.0,,,,,,,
1606,gaussian_noise,0.4,huber,0.2753681338895957,0.0168598463403569,0.2753681338895957,0.0168598463403569,0.9178270044291752,,,,,,,
1606,gaussian_noise,0.4,geometry,0.2689078670211123,0.0111777500812838,0.2689078670211123,0.0111777500812838,0.9788425937586664,,,,,,,
1606,gaussian_noise,0.4,bgr,0.2753824469129479,0.0171713070183979,0.2753824469129479,0.0171713070183979,0.8973916532209076,,,,,,,
1707,nominal_raw,0.0,ridge,0.2685331810565836,0.0,0.2683765350921468,0.0,,,,,,,,
1707,nominal_raw,0.0,huber,0.2708106455238054,0.0,0.270687335820986,0.0,,,,,,,,
1707,nominal_raw,0.0,geometry,0.2689048734836086,0.0,0.2686862706856421,0.0,,,,,,,,
1707,nominal_raw,0.0,bgr,0.2715987086856214,0.0,0.271390297002328,0.0,,,,,,,,
1707,vertical_amplitude,4.0,ridge,0.3186614595403443,0.0501282784837607,0.3246334497865584,0.0562569146944115,1.0,,,,,,,
1707,vertical_amplitude,4.0,huber,0.271779789049318,0.0009691435255125,0.2716193870968335,0.0009320512758474,0.0910558747930545,,,,,,,
1707,vertical_amplitude,4.0,geometry,0.3204747967796396,0.0515699232960309,0.320336622058772,0.0516503513731299,0.9870186810171104,,,,,,,
1707,vertical_amplitude,4.0,bgr,0.2721964581734938,0.0005977494878723,0.2719800964361032,0.0005897994337752,0.0898011105715853,,,,,,,
1707,leverage_amplitude,50.0,ridge,0.4064725491713684,0.1379393681147847,0.4061759855457357,0.1377994504535889,1.0,,,,,,,
1707,leverage_amplitude,50.0,huber,0.3896445159237977,0.1188338703999922,0.3893846094820949,0.1186972736611089,0.7844125569747592,,,,,,,
1707,leverage_amplitude,50.0,geometry,0.2771699822838041,0.0082651088001954,0.2776028099501616,0.0089165392645195,0.0051001960679915,,,,,,,
1707,leverage_amplitude,50.0,bgr,0.2713101629321048,-0.0002885457535166,0.2712540294037177,-0.0001362675986102,0.0024602232369167,,,,,,,
1707,mixed_amplitude,50.0,ridge,0.4796930151025665,0.2111598340459829,0.479314617943714,0.2109380828515671,1.0,,,,,,,
1707,mixed_amplitude,50.0,huber,0.3469175128979548,0.0761068673741493,0.3480177366661318,0.0773304008451457,0.3064272428986517,,,,,,,
1707,mixed_amplitude,50.0,geometry,0.2785954204930043,0.0096905470093957,0.2792705456352353,0.0105842749495932,0.0051001960679915,,,,,,,
1707,mixed_amplitude,50.0,bgr,0.2719154043201324,0.0003166956345109,0.2716969806375228,0.0003066836351948,0.0004268042400098,,,,,,,
1707,gaussian_noise,0.4,ridge,0.3142471394284092,0.0457139583718256,0.3142631099279545,0.0458865748358077,1.0,,,,,,,
1707,gaussian_noise,0.4,huber,0.3188887011516207,0.0480780556278153,0.3192550781601425,0.0485677423391564,0.9381127529766146,,,,,,,
1707,gaussian_noise,0.4,geometry,0.3124817108557515,0.0435768373721429,0.3122687076987196,0.0435824370130775,0.9718822390412368,,,,,,,
1707,gaussian_noise,0.4,bgr,0.3193166494345828,0.0477179407489613,0.3190560366648245,0.0476657396624965,0.911268677079834,,,,,,,
1808,nominal_raw,0.0,ridge,0.2523872333070195,0.0,0.2523872333070195,0.0,,,,,,,,
1808,nominal_raw,0.0,huber,0.2508893986797268,0.0,0.2508893986797268,0.0,,,,,,,,
1808,nominal_raw,0.0,geometry,0.2521497860144628,0.0,0.2521497860144628,0.0,,,,,,,,
1808,nominal_raw,0.0,bgr,0.2506767750656659,0.0,0.2506767750656659,0.0,,,,,,,,
1808,vertical_amplitude,4.0,ridge,0.3125084951926436,0.0601212618856241,0.3125084951926436,0.0601212618856241,1.0,,,,,,,
1808,vertical_amplitude,4.0,huber,0.2517318576843958,0.000842459004669,0.2517318576843958,0.000842459004669,0.0898582094000378,,,,,,,
1808,vertical_amplitude,4.0,geometry,0.3136654272223554,0.0615156412078926,0.3136654272223554,0.0615156412078926,0.9881177684752568,,,,,,,
1808,vertical_amplitude,4.0,bgr,0.2515800864596181,0.0009033113939522,0.2515800864596181,0.0009033113939522,0.0888599286095352,,,,,,,
1808,leverage_amplitude,50.0,ridge,0.3980025416980013,0.1456153083909818,0.3980025416980013,0.1456153083909818,1.0,,,,,,,
1808,leverage_amplitude,50.0,huber,0.3367336973353672,0.0858442986556403,0.3367336973353672,0.0858442986556403,0.858862011383502,,,,,,,
1808,leverage_amplitude,50.0,geometry,0.2726810074626505,0.0205312214481876,0.2726810074626505,0.0205312214481876,0.0052238057173277,,,,,,,
1808,leverage_amplitude,50.0,bgr,0.2510201977672784,0.0003434227016125,0.2510201977672784,0.0003434227016125,0.0022859903076388,,,,,,,
1808,mixed_amplitude,50.0,ridge,0.4323344645539629,0.1799472312469434,0.4323344645539629,0.1799472312469434,1.0,,,,,,,
1808,mixed_amplitude,50.0,huber,0.3098877883376699,0.0589983896579431,0.3098877883376699,0.0589983896579431,0.5392113405300297,,,,,,,
1808,mixed_amplitude,50.0,geometry,0.2736651773070884,0.0215153912926255,0.2736651773070884,0.0215153912926255,0.0052238057173277,,,,,,,
1808,mixed_amplitude,50.0,bgr,0.2511170673272368,0.0004402922615709,0.2511170673272368,0.0004402922615709,0.0004865036147466,,,,,,,
1808,gaussian_noise,0.4,ridge,0.268158734620688,0.0157715013136685,0.268158734620688,0.0157715013136685,1.0,,,,,,,
1808,gaussian_noise,0.4,huber,0.2707388572922087,0.0198494586124819,0.2707388572922087,0.0198494586124819,0.9434670040034644,,,,,,,
1808,gaussian_noise,0.4,geometry,0.2687441921988365,0.0165944061843736,0.2687441921988365,0.0165944061843736,0.9690551731656056,,,,,,,
1808,gaussian_noise,0.4,bgr,0.2712935558347533,0.0206167807690874,0.2712935558347533,0.0206167807690874,0.9133386193058322,,,,,,,
1909,nominal_raw,0.0,ridge,0.231302746598793,0.0,0.231302746598793,0.0,,,,,,,,
1909,nominal_raw,0.0,huber,0.2306123585858172,0.0,0.2306123585858172,0.0,,,,,,,,
1909,nominal_raw,0.0,geometry,0.2309478780600904,0.0,0.2309478780600904,0.0,,,,,,,,
1909,nominal_raw,0.0,bgr,0.2304163182455289,0.0,0.2304163182455289,0.0,,,,,,,,
1909,vertical_amplitude,4.0,ridge,0.2986804988896007,0.0673777522908076,0.2986804988896007,0.0673777522908076,1.0,,,,,,,
1909,vertical_amplitude,4.0,huber,0.2330250862551369,0.0024127276693196,0.2330250862551369,0.0024127276693196,0.0926098900995945,,,,,,,
1909,vertical_amplitude,4.0,geometry,0.2989638651681295,0.068015987108039,0.2989638651681295,0.068015987108039,0.9947326638556832,,,,,,,
1909,vertical_amplitude,4.0,bgr,0.2328531419098918,0.0024368236643629,0.2328531419098918,0.0024368236643629,0.0921452660437902,,,,,,,
1909,leverage_amplitude,50.0,ridge,0.3697763771412212,0.1384736305424281,0.3697763771412212,0.1384736305424281,1.0,,,,,,,
1909,leverage_amplitude,50.0,huber,0.3690076455464683,0.138395286960651,0.3690076455464683,0.138395286960651,0.8745784854062818,,,,,,,
1909,leverage_amplitude,50.0,geometry,0.2425781248390775,0.011630246778987,0.2425781248390775,0.011630246778987,0.0037678462708199,,,,,,,
1909,leverage_amplitude,50.0,bgr,0.2307085363598416,0.0002922181143127,0.2307085363598416,0.0002922181143127,0.0014777520391079,,,,,,,
1909,mixed_amplitude,50.0,ridge,0.395691573579209,0.1643888269804159,0.395691573579209,0.1643888269804159,1.0,,,,,,,
1909,mixed_amplitude,50.0,huber,0.3028300156681333,0.072217657082316,0.3028300156681333,0.072217657082316,0.4824351128038903,,,,,,,
1909,mixed_amplitude,50.0,geometry,0.2429164668510413,0.0119685887909508,0.2429164668510413,0.0119685887909508,0.0037678462708199,,,,,,,
1909,mixed_amplitude,50.0,bgr,0.2306261619040887,0.0002098436585598,0.2306261619040887,0.0002098436585598,0.0008472610758172,,,,,,,
1909,gaussian_noise,0.4,ridge,0.2420382699429533,0.0107355233441603,0.2420382699429533,0.0107355233441603,1.0,,,,,,,
1909,gaussian_noise,0.4,huber,0.2421206565761972,0.0115082979903799,0.2421206565761972,0.0115082979903799,0.941556903581644,,,,,,,
1909,gaussian_noise,0.4,geometry,0.2421736446181699,0.0112257665580794,0.2421736446181699,0.0112257665580794,0.9912327438927172,,,,,,,
1909,gaussian_noise,0.4,bgr,0.2426514262821525,0.0122351080366236,0.2426514262821525,0.0122351080366236,0.9332249312789928,,,,,,,
2010,nominal_raw,0.0,ridge,0.2506016476538128,0.0,0.2506016476538128,0.0,,,,,,,,
2010,nominal_raw,0.0,huber,0.2573296830707889,0.0,0.2573296830707889,0.0,,,,,,,,
2010,nominal_raw,0.0,geometry,0.2502447744512571,0.0,0.2502447744512571,0.0,,,,,,,,
2010,nominal_raw,0.0,bgr,0.257026184005486,0.0,0.257026184005486,0.0,,,,,,,,
2010,vertical_amplitude,4.0,ridge,0.296342535786786,0.0457408881329731,0.296342535786786,0.0457408881329731,1.0,,,,,,,
2010,vertical_amplitude,4.0,huber,0.2581968293504841,0.0008671462796951,0.2581968293504841,0.0008671462796951,0.0892193255009844,,,,,,,
2010,vertical_amplitude,4.0,geometry,0.2955399620557303,0.0452951876044732,0.2955399620557303,0.0452951876044732,0.9906694626835036,,,,,,,
2010,vertical_amplitude,4.0,bgr,0.25789908017595,0.0008728961704639,0.25789908017595,0.0008728961704639,0.0884119247673866,,,,,,,
2010,leverage_amplitude,50.0,ridge,0.3834940096341938,0.132892361980381,0.3834940096341938,0.132892361980381,1.0,,,,,,,
2010,leverage_amplitude,50.0,huber,0.3428080233658348,0.0854783402950458,0.3428080233658348,0.0854783402950458,0.6858901720792562,,,,,,,
2010,leverage_amplitude,50.0,geometry,0.251697314192184,0.0014525397409269,0.251697314192184,0.0014525397409269,0.0062883361755284,,,,,,,
2010,leverage_amplitude,50.0,bgr,0.256761173510205,-0.0002650104952809,0.256761173510205,-0.0002650104952809,0.0016775521155155,,,,,,,
2010,mixed_amplitude,50.0,ridge,0.3891929356842886,0.1385912880304757,0.3891929356842886,0.1385912880304757,1.0,,,,,,,
2010,mixed_amplitude,50.0,huber,0.291907473729058,0.0345777906582691,0.291907473729058,0.0345777906582691,0.4196474546377651,,,,,,,
2010,mixed_amplitude,50.0,geometry,0.2522338550545317,0.0019890806032746,0.2522338550545317,0.0019890806032746,0.0062883361755284,,,,,,,
2010,mixed_amplitude,50.0,bgr,0.2569183327436547,-0.0001078512618312,0.2569183327436547,-0.0001078512618312,0.0010270624145837,,,,,,,
2010,gaussian_noise,0.4,ridge,0.2752721782361652,0.0246705305823523,0.2752721782361652,0.0246705305823523,1.0,,,,,,,
2010,gaussian_noise,0.4,huber,0.2901375777960371,0.0328078947252482,0.2901375777960371,0.0328078947252482,0.9328204460415652,,,,,,,
2010,gaussian_noise,0.4,geometry,0.2698921520948333,0.0196473776435762,0.2698921520948333,0.0196473776435762,0.9743021938692974,,,,,,,
2010,gaussian_noise,0.4,bgr,0.2839775486446336,0.0269513646391476,0.2839775486446336,0.0269513646391476,0.908258498283902,,,,,,,
1101,nominal_raw,0.0,schweppe_type,0.28623180354497224,0.0,0.28623180354497224,0.0,,,7.0,0.001,3.273533633738855,0.9,2.0,0.18495611805939283
1101,vertical_amplitude,4.0,schweppe_type,0.2880659865516986,0.0018341830067263865,0.2880659865516986,0.0018341830067263865,0.09392076254409924,0.9974189163166033,8.0,0.001,3.273533633738855,0.9,2.0,0.18495611805939283
1101,leverage_amplitude,50.0,schweppe_type,0.28490699999436014,-0.001324803550612097,0.28490699999436014,-0.001324803550612097,0.21854353282502223,0.06536747236725711,12.0,0.001,3.273533633738855,0.9,2.0,0.18495611805939283
1101,mixed_amplitude,50.0,schweppe_type,0.28703183351822087,0.0008000299732486282,0.28703183351822087,0.0008000299732486282,0.020636930462890394,0.06536747236725711,12.0,0.001,3.273533633738855,0.9,2.0,0.18495611805939283
1101,gaussian_noise,0.4,schweppe_type,0.3290384750402629,0.04280667149529066,0.3290384750402629,0.04280667149529066,0.9487949811105428,0.9964023366316145,11.0,0.001,3.273533633738855,0.9,2.0,0.18495611805939283
1202,nominal_raw,0.0,schweppe_type,0.25318628935012344,0.0,0.25318628935012344,0.0,,,7.0,0.31622776601683794,3.676402589769803,0.9,2.0,0.17301866916416356
1202,vertical_amplitude,4.0,schweppe_type,0.25352589546606574,0.0003396061159423036,0.25352589546606574,0.0003396061159423036,0.08690601366025955,0.9932831038329902,10.0,0.31622776601683794,3.676402589769803,0.9,2.0,0.17301866916416356
1202,leverage_amplitude,50.0,schweppe_type,0.2538088118952391,0.0006225225451156335,0.2538088118952391,0.0006225225451156335,0.2242696942692176,0.07346448693254039,12.0,0.31622776601683794,3.676402589769803,0.9,2.0,0.17301866916416356
1202,mixed_amplitude,50.0,schweppe_type,0.2569753952608294,0.00378910591070597,0.2569753952608294,0.00378910591070597,0.03017404797108778,0.07346448693254039,12.0,0.31622776601683794,3.676402589769803,0.9,2.0,0.17301866916416356
1202,gaussian_noise,0.4,schweppe_type,0.2676629843538556,0.014476695003732165,0.2676629843538556,0.014476695003732165,0.928513565125787,0.9829117686569051,12.0,0.31622776601683794,3.676402589769803,0.9,2.0,0.17301866916416356
1303,nominal_raw,0.0,schweppe_type,0.27070094998493344,0.0,0.27070094998493344,0.0,,,9.0,0.001,4.526603196808532,0.9,2.0,0.16994263832051426
1303,vertical_amplitude,4.0,schweppe_type,0.27119211892602146,0.0004911689410880271,0.27119211892602146,0.0004911689410880271,0.08609193719678253,0.9962408977021441,9.0,0.001,4.526603196808532,0.9,2.0,0.16994263832051426
1303,leverage_amplitude,50.0,schweppe_type,0.27459141369462226,0.0038904637096888184,0.27459141369462226,0.0038904637096888184,0.24530121993894652,0.09035789753534647,12.0,0.001,4.526603196808532,0.9,2.0,0.16994263832051426
1303,mixed_amplitude,50.0,schweppe_type,0.27836294690991803,0.007661996924984593,0.27836294690991803,0.007661996924984593,0.050343644647051024,0.09035789753534647,12.0,0.001,4.526603196808532,0.9,2.0,0.16994263832051426
1303,gaussian_noise,0.4,schweppe_type,0.2977638274517539,0.027062877466820456,0.2977638274517539,0.027062877466820456,0.9325233096779503,0.9972506834703363,12.0,0.001,4.526603196808532,0.9,2.0,0.16994263832051426
1404,nominal_raw,0.0,schweppe_type,0.25776817198119917,0.0,0.2598685244970793,0.0,,,9.0,1.0,3.1797529976362253,0.9,2.0,0.17516022971827042
1404,vertical_amplitude,4.0,schweppe_type,0.25841817559784624,0.0006500036166470768,0.2625066007119311,0.0026380762148517922,0.08871885266891474,0.9989972916623941,11.0,1.0,3.1797529976362253,0.9,2.0,0.17516022971827042
1404,leverage_amplitude,50.0,schweppe_type,0.254706923761972,-0.003061248219227153,0.2607083819889524,0.0008398574918730972,0.1557875033154731,0.06347697775151497,12.0,1.0,3.1797529976362253,0.9,2.0,0.17516022971827042
1404,mixed_amplitude,50.0,schweppe_type,0.25551733917942976,-0.002250832801769409,0.26497869123536477,0.00511016673828546,0.016732279758628767,0.06347697775151497,12.0,1.0,3.1797529976362253,0.9,2.0,0.17516022971827042
1404,gaussian_noise,0.4,schweppe_type,0.28792200817815405,0.030153836196954886,0.2883015254687774,0.028433000971698097,0.9225574528748824,0.9957805106293175,12.0,1.0,3.1797529976362253,0.9,2.0,0.17516022971827042
1505,nominal_raw,0.0,schweppe_type,0.25823885488022674,0.0,0.25823885488022674,0.0,,,7.0,0.001,3.7263716419828947,0.9,2.0,0.18374176192431196
1505,vertical_amplitude,4.0,schweppe_type,0.25993745828767356,0.0016986034074468193,0.25993745828767356,0.0016986034074468193,0.09165846695850273,0.9937298018202958,8.0,0.001,3.7263716419828947,0.9,2.0,0.18374176192431196
1505,leverage_amplitude,50.0,schweppe_type,0.25900926260645873,0.0007704077262319919,0.25900926260645873,0.0007704077262319919,0.25544578342441093,0.07450983817135605,12.0,0.001,3.7263716419828947,0.9,2.0,0.18374176192431196
1505,mixed_amplitude,50.0,schweppe_type,0.2592729090713838,0.0010340541911570411,0.2592729090713838,0.0010340541911570411,0.031673983725546966,0.07450983817135605,12.0,0.001,3.7263716419828947,0.9,2.0,0.18374176192431196
1505,gaussian_noise,0.4,schweppe_type,0.28929642064734945,0.031057565767122708,0.28929642064734945,0.031057565767122708,0.9453789857226537,0.9820680820026371,12.0,0.001,3.7263716419828947,0.9,2.0,0.18374176192431196
1606,nominal_raw,0.0,schweppe_type,0.258508514613696,0.0,0.258508514613696,0.0,,,6.0,0.1,3.6949558048601654,0.9,2.0,0.1802940957344088
1606,vertical_amplitude,4.0,schweppe_type,0.2598820701034135,0.001373555489717515,0.2598820701034135,0.001373555489717515,0.09039873936501241,0.9980009878845912,8.0,0.1,3.6949558048601654,0.9,2.0,0.1802940957344088
1606,leverage_amplitude,50.0,schweppe_type,0.2707033380108248,0.012194823397128796,0.2707033380108248,0.012194823397128796,0.1973722934788916,0.07383182291455215,12.0,0.1,3.6949558048601654,0.9,2.0,0.1802940957344088
1606,mixed_amplitude,50.0,schweppe_type,0.27176317794243876,0.013254663328742755,0.27176317794243876,0.013254663328742755,0.011964632975657245,0.07383182291455215,12.0,0.1,3.6949558048601654,0.9,2.0,0.1802940957344088
1606,gaussian_noise,0.4,schweppe_type,0.27536766662009127,0.01685915200639526,0.27536766662009127,0.01685915200639526,0.9170914452905752,0.9885075680265617,12.0,0.1,3.6949558048601654,0.9,2.0,0.1802940957344088
1707,nominal_raw,0.0,schweppe_type,0.2714292529179028,0.0,0.2712612556201537,0.0,,,12.0,1.0,3.5791016766354815,0.9,2.0,0.18058074839062574
1707,vertical_amplitude,4.0,schweppe_type,0.27220229524827266,0.0007730423303698442,0.27201828959150776,0.0007570339713540708,0.0903650509264458,0.9928928648752675,12.0,1.0,3.5791016766354815,0.9,2.0,0.18058074839062574
1707,leverage_amplitude,50.0,schweppe_type,0.27056025210556023,-0.0008690008123425907,0.27059723526484813,-0.0006640203553055501,0.23409094391656537,0.0714063066921199,12.0,1.0,3.5791016766354815,0.9,2.0,0.18058074839062574
1707,mixed_amplitude,50.0,schweppe_type,0.27162374726531946,0.0001944943474166405,0.27344199857745866,0.002180742957304971,0.008724464592070406,0.0714063066921199,12.0,1.0,3.5791016766354815,0.9,2.0,0.18058074839062574
1707,gaussian_noise,0.4,schweppe_type,0.3203681583542377,0.04893890543633489,0.3201206849536686,0.04885942933351489,0.93684112351435,0.9840247018418796,12.0,1.0,3.5791016766354815,0.9,2.0,0.18058074839062574
1808,nominal_raw,0.0,schweppe_type,0.2507370211590956,0.0,0.2507370211590956,0.0,,,9.0,1.0,3.623430046393742,0.9,2.0,0.17894924601163414
1808,vertical_amplitude,4.0,schweppe_type,0.2516579161763191,0.0009208950172235331,0.2516579161763191,0.0009208950172235331,0.08927377043443518,0.9932298853547598,8.0,1.0,3.623430046393742,0.9,2.0,0.17894924601163414
1808,leverage_amplitude,50.0,schweppe_type,0.25319535977211255,0.002458338613016975,0.25319535977211255,0.002458338613016975,0.19041517651071535,0.07226924632436175,12.0,1.0,3.623430046393742,0.9,2.0,0.17894924601163414
1808,mixed_amplitude,50.0,schweppe_type,0.2569108016948656,0.0061737805357700015,0.2569108016948656,0.0061737805357700015,0.011416984334747688,0.07226924632436175,12.0,1.0,3.623430046393742,0.9,2.0,0.17894924601163414
1808,gaussian_noise,0.4,schweppe_type,0.27116795316760745,0.02043093200851187,0.27116795316760745,0.02043093200851187,0.9422222828791832,0.9826675538525238,12.0,1.0,3.623430046393742,0.9,2.0,0.17894924601163414
1909,nominal_raw,0.0,schweppe_type,0.23061197764981176,0.0,0.23061197764981176,0.0,,,9.0,1.0,3.072436911197883,0.9,2.0,0.1847134055829229
1909,vertical_amplitude,4.0,schweppe_type,0.23302446525572962,0.0024124876059178624,0.23302446525572962,0.0024124876059178624,0.0923707718666878,0.9973088920084175,8.0,1.0,3.072436911197883,0.9,2.0,0.1847134055829229
1909,leverage_amplitude,50.0,schweppe_type,0.23049568255449246,-0.00011629509531929649,0.23049568255449246,-0.00011629509531929649,0.1441334224863325,0.06137827678982978,12.0,1.0,3.072436911197883,0.9,2.0,0.1847134055829229
1909,mixed_amplitude,50.0,schweppe_type,0.23206098163222352,0.0014490039824117673,0.23206098163222352,0.0014490039824117673,0.09733403993370235,0.06137827678982978,12.0,1.0,3.072436911197883,0.9,2.0,0.1847134055829229
1909,gaussian_noise,0.4,schweppe_type,0.24240389377039276,0.011791916120581003,0.24240389377039276,0.011791916120581003,0.9410011544582555,0.9953797697335831,10.0,1.0,3.072436911197883,0.9,2.0,0.1847134055829229
2010,nominal_raw,0.0,schweppe_type,0.257016356555735,0.0,0.257016356555735,0.0,,,12.0,1.0,3.9695393912336336,0.9,2.0,0.17689161006145004
2010,vertical_amplitude,4.0,schweppe_type,0.25782178284102314,0.0008054262852881244,0.25782178284102314,0.0008054262852881244,0.0887763415834438,0.9948955479210373,12.0,1.0,3.9695393912336336,0.9,2.0,0.17689161006145004
2010,leverage_amplitude,50.0,schweppe_type,0.2550383190849818,-0.0019780374707532022,0.2550383190849818,-0.0019780374707532022,0.18704860257438324,0.07928666995052837,12.0,1.0,3.9695393912336336,0.9,2.0,0.17689161006145004
2010,mixed_amplitude,50.0,schweppe_type,0.2562513715571797,-0.0007649849985553181,0.2562513715571797,-0.0007649849985553181,0.06899216889952432,0.07928666995052837,12.0,1.0,3.9695393912336336,0.9,2.0,0.17689161006145004
2010,gaussian_noise,0.4,schweppe_type,0.2872139961491032,0.030197639593368186,0.2872139961491032,0.030197639593368186,0.9316933279495252,0.9856022615043367,12.0,1.0,3.9695393912336336,0.9,2.0,0.17689161006145004
