cement,slag,fly_ash,water,superplasticizer,coarse_aggregate,fine_aggregate,age,strength
540.0,0.0,0.0,162.0,2.5,1040.0,676.0,28,79.9861111111111
540.0,0.0,0.0,162.0,2.5,1055.0,676.0,28,61.88736599999999
332.5,142.5,0.0,228.0,0.0,932.0,594.0,270,40.269535244
332.5,142.5,0.0,228.0,0.0,932.0,594.0,365,41.052780437999996
198.6,132.4,0.0,192.0,0.0,978.4,825.5,360,44.296075095999994
266.0,114.0,0.0,228.0,0.0,932.0,670.0,90,47.02984744
380.0,95.0,0.0,228.0,0.0,932.0,594.0,365,43.698299396
380.0,95.0,0.0,228.0,0.0,932.0,594.0,28,36.447769788
266.0,114.0,0.0,228.0,0.0,932.0,670.0,28,45.85429086
475.0,0.0,0.0,228.0,0.0,932.0,594.0,28,39.28978986
198.6,132.4,0.0,192.0,0.0,978.4,825.5,90,38.074243668
198.6,132.4,0.0,192.0,0.0,978.4,825.5,28,28.021683592
427.5,47.5,0.0,228.0,0.0,932.0,594.0,270,43.01296026
190.0,190.0,0.0,228.0,0.0,932.0,670.0,90,42.326931124
304.0,76.0,0.0,228.0,0.0,932.0,670.0,28,47.813781652
380.0,0.0,0.0,228.0,0.0,932.0,670.0,90,52.9083205
139.6,209.4,0.0,192.0,0.0,1047.0,806.9,90,39.358047518
342.0,38.0,0.0,228.0,0.0,932.0,670.0,365,56.14196231
380.0,95.0,0.0,228.0,0.0,932.0,594.0,90,40.563252026000006
475.0,0.0,0.0,228.0,0.0,932.0,594.0,180,42.62064773
427.5,47.5,0.0,228.0,0.0,932.0,594.0,180,41.83671491
139.6,209.4,0.0,192.0,0.0,1047.0,806.9,28,28.23748924
139.6,209.4,0.0,192.0,0.0,1047.0,806.9,3,8.063421819999999
139.6,209.4,0.0,192.0,0.0,1047.0,806.9,180,44.207822399999996
380.0,0.0,0.0,228.0,0.0,932.0,670.0,365,52.51669642
380.0,0.0,0.0,228.0,0.0,932.0,670.0,270,53.299941614
380.0,0.0,0.0,228.0,0.0,932.0,670.0,180,41.151374632
342.0,38.0,0.0,228.0,0.0,932.0,670.0,180,52.12444466
427.5,47.5,0.0,228.0,0.0,932.0,594.0,90,39.004406622
475.0,0.0,0.0,228.0,0.0,932.0,594.0,7,38.603761774
304.0,76.0,0.0,228.0,0.0,932.0,670.0,365,55.260198725999996
266.0,114.0,0.0,228.0,0.0,932.0,670.0,365,52.9083205
198.6,132.4,0.0,192.0,0.0,978.4,825.5,180,41.7198108
475.0,0.0,0.0,228.0,0.0,932.0,594.0,270,42.131120640000005
190.0,190.0,0.0,228.0,0.0,932.0,670.0,365,53.6929632
237.5,237.5,0.0,228.0,0.0,932.0,594.0,180,38.40766899
237.5,237.5,0.0,228.0,0.0,932.0,594.0,365,55.55144328
332.5,142.5,0.0,228.0,0.0,932.0,594.0,90,45.705768470000004
475.0,0.0,0.0,228.0,0.0,932.0,594.0,90,39.936780696
237.5,237.5,0.0,228.0,0.0,932.0,594.0,90,39.300580695999996
427.5,47.5,0.0,228.0,0.0,932.0,594.0,365,56.33777435
500.0,0.0,0.0,140.0,4.0,966.0,853.0,28,67.699648318
500.0,0.0,0.0,140.0,4.0,966.0,853.0,3,39.300580695999996
500.0,0.0,0.0,140.0,4.0,966.0,853.0,180,71.988189852
500.0,0.0,0.0,140.0,4.0,966.0,853.0,7,59.89108464
500.0,0.0,0.0,140.0,4.0,966.0,853.0,56,61.88736599999999
500.0,0.0,0.0,140.0,4.0,966.0,853.0,90,66.424758726
500.0,0.0,0.0,140.0,4.0,966.0,853.0,28,72.990113472
500.0,0.0,0.0,140.0,4.0,966.0,853.0,7,55.895194276
500.0,0.0,0.0,140.0,4.0,966.0,853.0,3,40.269535244
500.0,0.0,0.0,140.0,4.0,966.0,853.0,14,59.094368996
500.0,0.0,0.0,140.0,4.0,966.0,853.0,28,68.299492136
500.0,0.0,0.0,140.0,4.0,966.0,853.0,56,60.294675226
500.0,0.0,0.0,140.0,4.0,966.0,853.0,91,65.196851258
500.0,0.0,0.0,140.0,4.0,966.0,853.0,7,55.506908446
500.0,0.0,0.0,140.0,4.0,966.0,853.0,28,71.29871379000001
500.0,0.0,0.0,140.0,4.0,966.0,853.0,3,41.369751761999995
500.0,0.0,0.0,140.0,4.0,966.0,853.0,14,60.294675226
500.0,0.0,0.0,140.0,4.0,966.0,853.0,28,71.69864726800001
500.0,0.0,0.0,140.0,4.0,966.0,853.0,56,62.504667224000004
500.0,0.0,0.0,140.0,4.0,966.0,853.0,90,67.791532778
500.0,0.0,0.0,140.0,4.0,966.0,853.0,180,74.697828942
500.0,0.0,0.0,140.0,4.0,966.0,853.0,7,58.804624372
500.0,0.0,0.0,140.0,4.0,966.0,853.0,28,73.698852562
500.0,0.0,0.0,140.0,4.0,966.0,853.0,3,42.12814005
500.0,0.0,0.0,140.0,4.0,966.0,853.0,14,61.092080870000004
500.0,0.0,0.0,140.0,4.0,966.0,853.0,56,63.396642276000004
500.0,0.0,0.0,140.0,4.0,966.0,853.0,90,69.494149194
500.0,0.0,0.0,140.0,4.0,966.0,853.0,180,76.296213092
500.0,0.0,0.0,140.0,4.0,966.0,853.0,3,42.351758434
500.0,0.0,0.0,140.0,4.0,966.0,853.0,14,61.893210170000005
500.0,0.0,0.0,140.0,4.0,966.0,853.0,28,74.501767372
500.0,0.0,0.0,140.0,4.0,966.0,853.0,56,64.20215153
500.0,0.0,0.0,140.0,4.0,966.0,853.0,90,70.7017974
500.0,0.0,0.0,140.0,4.0,966.0,853.0,180,78.800564982
500.0,0.0,0.0,140.0,4.0,966.0,853.0,3,43.798273164
500.0,0.0,0.0,140.0,4.0,966.0,853.0,14,62.70009788
500.0,0.0,0.0,140.0,4.0,966.0,853.0,28,75.303871828
500.0,0.0,0.0,140.0,4.0,966.0,853.0,56,65.00413656
500.0,0.0,0.0,140.0,4.0,966.0,853.0,90,71.504522104
500.0,0.0,0.0,140.0,4.0,966.0,853.0,180,80.199848684
500.0,0.0,0.0,140.0,4.0,966.0,853.0,3,44.79881873
500.0,0.0,0.0,140.0,4.0,966.0,853.0,14,63.49743421
500.0,0.0,0.0,140.0,4.0,966.0,853.0,28,76.101371074
500.0,0.0,0.0,140.0,4.0,966.0,853.0,56,65.800759514
500.0,0.0,0.0,140.0,4.0,966.0,853.0,90,72.30103208
500.0,0.0,0.0,140.0,4.0,966.0,853.0,180,81.501932324
500.0,0.0,0.0,140.0,4.0,966.0,853.0,3,45.599534646
500.0,0.0,0.0,140.0,4.0,966.0,853.0,14,64.30129838
500.0,0.0,0.0,140.0,4.0,966.0,853.0,28,77.003430326
500.0,0.0,0.0,140.0,4.0,966.0,853.0,56,66.702623682
500.0,0.0,0.0,140.0,4.0,966.0,853.0,90,73.103017626
500.0,0.0,0.0,140.0,4.0,966.0,853.0,180,82.803083604
500.0,0.0,0.0,140.0,4.0,966.0,853.0,3,46.501314858
500.0,0.0,0.0,140.0,4.0,966.0,853.0,14,65.10326993
500.0,0.0,0.0,140.0,4.0,966.0,853.0,28,78.000204978
500.0,0.0,0.0,140.0,4.0,966.0,853.0,56,67.49932644
500.0,0.0,0.0,140.0,4.0,966.0,853.0,90,74.003119594
500.0,0.0,0.0,140.0,4.0,966.0,853.0,180,84.104634468
500.0,0.0,0.0,140.0,4.0,966.0,853.0,3,47.299666008
500.0,0.0,0.0,140.0,4.0,966.0,853.0,14,66.002529198
500.0,0.0,0.0,140.0,4.0,966.0,853.0,28,78.998443908
500.0,0.0,0.0,140.0,4.0,966.0,853.0,56,68.2995625
500.0,0.0,0.0,140.0,4.0,966.0,853.0,90,74.89924743
500.0,0.0,0.0,140.0,4.0,966.0,853.0,180,85.404123608
500.0,0.0,0.0,140.0,4.0,966.0,853.0,3,48.1000074
500.0,0.0,0.0,140.0,4.0,966.0,853.0,14,66.902593248
500.0,0.0,0.0,140.0,4.0,966.0,853.0,28,79.999809974
500.0,0.0,0.0,140.0,4.0,966.0,853.0,56,69.10034128
500.0,0.0,0.0,140.0,4.0,966.0,853.0,90,75.802496148
500.0,0.0,0.0,140.0,4.0,966.0,853.0,180,86.70314847
500.0,0.0,0.0,140.0,4.0,966.0,853.0,3,48.90063869
500.0,0.0,0.0,140.0,4.0,966.0,853.0,14,67.799303454
500.0,0.0,0.0,140.0,4.0,966.0,853.0,28,80.99939733000001
500.0,0.0,0.0,140.0,4.0,966.0,853.0,56,69.89920271
500.0,0.0,0.0,140.0,4.0,966.0,853.0,90,76.699493778
500.0,0.0,0.0,140.0,4.0,966.0,853.0,180,88.002482218
500.0,0.0,0.0,140.0,4.0,966.0,853.0,3,49.699993306
500.0,0.0,0.0,140.0,4.0,966.0,853.0,14,68.699583346
500.0,0.0,0.0,140.0,4.0,966.0,853.0,28,82.002676674
500.0,0.0,0.0,140.0,4.0,966.0,853.0,56,70.699238924
500.0,0.0,0.0,140.0,4.0,966.0,853.0,90,77.600187492
500.0,0.0,0.0,140.0,4.0,966.0,853.0,180,89.300806702
500.0,0.0,0.0,140.0,4.0,966.0,853.0,3,50.499131010000004
500.0,0.0,0.0,140.0,4.0,966.0,853.0,14,69.600146866
500.0,0.0,0.0,140.0,4.0,966.0,853.0,28,82.99974202
500.0,0.0,0.0,140.0,4.0,966.0,853.0,56,71.499878514
500.0,0.0,0.0,140.0,4.0,966.0,853.0,90,78.499857752
500.0,0.0,0.0,140.0,4.0,966.0,853.0,180,90.59917899
500.0,0.0,0.0,140.0,4.0,966.0,853.0,3,51.299724576
500.0,0.0,0.0,140.0,4.0,966.0,853.0,14,70.49993622
500.0,0.0,0.0,140.0,4.0,966.0,853.0,28,84.000301816
500.0,0.0,0.0,140.0,4.0,966.0,853.0,56,72.299648952
500.0,0.0,0.0,140.0,4.0,966.0,853.0,90,79.400063734
500.0,0.0,0.0,140.0,4.0,966.0,853.0,180,91.897820044
500.0,0.0,0.0,140.0,4.0,966.0,853.0,3,52.100259036
500.0,0.0,0.0,140.0,4.0,966.0,853.0,14,71.400043234
500.0,0.0,0.0,140.0,4.0,966.0,853.0,28,84.99979135
500.0,0.0,0.0,140.0,4.0,966.0,853.0,56,73.100052252
500.0,0.0,0.0,140.0,4.0,966.0,853.0,90,80.301429384
500.0,0.0,0.0,140.0,4.0,966.0,853.0,180,93.196744706
500.0,0.0,0.0,140.0,4.0,966.0,853.0,3,52.899873986
500.0,0.0,0.0,140.0,4.0,966.0,853.0,14,72.300326322
500.0,0.0,0.0,140.0,4.0,966.0,853.0,28,86.002648612
500.0,0.0,0.0,140.0,4.0,966.0,853.0,56,73.89978572
500.0,0.0,0.0,140.0,4.0,966.0,853.0,90,81.200678668
500.0,0.0,0.0,140.0,4.0,966.0,853.0,180,94.49932644
500.0,0.0,0.0,140.0,4.0,966.0,853.0,3,53.699239092
500.0,0.0,0.0,140.0,4.0,966.0,853.0,14,73.20053969
500.0,0.0,0.0,140.0,4.0,966.0,853.0,28,86.999761064
500.0,0.0,0.0,140.0,4.0,966.0,853.0,56,74.70122528
500.0,0.0,0.0,140.0,4.0,966.0,853.0,90,82.10004443
500.0,0.0,0.0,140.0,4.0,966.0,853.0,180,95.800557832
500.0,0.0,0.0,140.0,4.0,966.0,853.0,3,54.49951362
500.0,0.0,0.0,140.0,4.0,966.0,853.0,14,74.10053276
500.0,0.0,0.0,140.0,4.0,966.0,853.0,28,87.999183846
500.0,0.0,0.0,140.0,4.0,966.0,853.0,56,75.499468042
500.0,0.0,0.0,140.0,4.0,966.0,853.0,90,83.001144352
500.0,0.0,0.0,140.0,4.0,966.0,853.0,180,97.101496738
500.0,0.0,0.0,140.0,4.0,966.0,853.0,3,55.300305866
500.0,0.0,0.0,140.0,4.0,966.0,853.0,14,74.999432126
500.0,0.0,0.0,140.0,4.0,966.0,853.0,28,89.00077715
500.0,0.0,0.0,140.0,4.0,966.0,853.0,56,76.300780568
500.0,0.0,0.0,140.0,4.0,966.0,853.0,90,83.899912896
500.0,0.0,0.0,140.0,4.0,966.0,853.0,180,98.400236324
500.0,0.0,0.0,140.0,4.0,966.0,853.0,3,56.09950965
500.0,0.0,0.0,140.0,4.0,966.0,853.0,14,75.899303814
500.0,0.0,0.0,140.0,4.0,966.0,853.0,28,90.000188682
500.0,0.0,0.0,140.0,4.0,966.0,853.0,56,77.09989745
500.0,0.0,0.0,140.0,4.0,966.0,853.0,90,84.800074554
500.0,0.0,0.0,140.0,4.0,966.0,853.0,180,99.699602012
500.0,0.0,0.0,140.0,4.0,966.0,853.0,3,56.900475292
500.0,0.0,0.0,140.0,4.0,966.0,853.0,14,76.79960263
500.0,0.0,0.0,140.0,4.0,966.0,853.0,28,91.000091134
500.0,0.0,0.0,140.0,4.0,966.0,853.0,56,77.900072984
500.0,0.0,0.0,140.0,4.0,966.0,853.0,90,85.699642198
500.0,0.0,0.0,140.0,4.0,966.0,853.0,180,100.999468182
500.0,0.0,0.0,140.0,4.0,966.0,853.0,3,57.700606818
500.0,0.0,0.0,140.0,4.0,966.0,853.0,14,77.699069228
500.0,0.0,0.0,140.0,4.0,966.0,853.0,28,92.000178184
500.0,0.0,0.0,140.0,4.0,966.0,853.0,56,78.700161546
500.0,0.0,0.0,140.0,4.0,966.0,853.0,90,86.600284808
500.0,0.0,0.0,140.0,4.0,966.0,853.0,180,102.299047704
500.0,0.0,0.0,140.0,4.0,966.0,853.0,3,58.49958284
500.0,0.0,0.0,140.0,4.0,966.0,853.0,14,78.600014306
500.0,0.0,0.0,140.0,4.0,966.0,853.0,28,93.000168306
500.0,0.0,0.0,140.0,4.0,966.0,853.0,56,79.499623368
500.0,0.0,0.0,140.0,4.0,966.0,853.0,90,87.500058612
500.0,0.0,0.0,140.0,4.0,966.0,853.0,180,103.599011806
500.0,0.0,0.0,140.0,4.0,966.0,853.0,3,59.30058385
500.0,0.0,0.0,140.0,4.0,966.0,853.0,14,79.49953257
500.0,0.0,0.0,140.0,4.0,966.0,853.0,28,93.999972916
500.0,0.0,0.0,140.0,4.0,966.0,853.0,56,80.300029696
500.0,0.0,0.0,140.0,4.0,966.0,853.0,90,88.39964448
500.0,0.0,0.0,140.0,4.0,966.0,853.0,180,104.899408304
500.0,0.0,0.0,140.0,4.0,966.0,853.0,3,60.10002749
500.0,0.0,0.0,140.0,4.0,966.0,853.0,14,80.400049604
500.0,0.0,0.0,140.0,4.0,966.0,853.0,28,95.000432906
500.0,0.0,0.0,140.0,4.0,966.0,853.0,56,81.099664626
500.0,0.0,0.0,140.0,4.0,966.0,853.0,90,89.300105614
500.0,0.0,0.0,140.0,4.0,966.0,853.0,180,106.199562138
500.0,0.0,0.0,140.0,4.0,966.0,853.0,3,60.900496614
500.0,0.0,0.0,140.0,4.0,966.0,853.0,14,81.300506906
500.0,0.0,0.0,140.0,4.0,966.0,853.0,28,96.000117848
500.0,0.0,0.0,140.0,4.0,966.0,853.0,56,81.900310126
500.0,0.0,0.0,140.0,4.0,966.0,853.0,90,90.199749496
500.0,0.0,0.0,140.0,4.0,966.0,853.0,180,107.499772898
500.0,0.0,0.0,140.0,4.0,966.0,853.0,3,61.700133288
500.0,0.0,0.0,140.0,4.0,966.0,853.0,14,82.20010209
500.0,0.0,0.0,140.0,4.0,966.0,853.0,28,97.000172352
500.0,0.0,0.0,140.0,4.0,966.0,853.0,56,82.69944715
500.0,0.0,0.0,140.0,4.0,966.0,853.0,90,91.1000774
500.0,0.0,0.0,140.0,4.0,966.0,853.0,180,108.80056778
500.0,0.0,0.0,140.0,4.0,966.0,853.0,3,62.500294412
500.0,0.0,0.0,140.0,4.0,966.0,853.0,14,83.100431218
500.0,0.0,0.0,140.0,4.0,966.0,853.0,28,98.00022363
500.0,0.0,0.0,140.0,4.0,966.0,853.0,56,83.499853098
500.0,0.0,0.0,140.0,4.0,966.0,853.0,90,91.999898692
500.0,0.0,0.0,140.0,4.0,966.0,853.0,180,110.099783388
500.0,0.0,0.0,140.0,4.0,966.0,853.0,3,63.300547442
500.0,0.0,0.0,140.0,4.0,966.0,853.0,14,83.999675054
500.0,0.0,0.0,140.0,4.0,966.0,853.0,28,99.000042086
500.0,0.0,0.0,140.0,4.0,966.0,853.0,56,84.300258086
500.0,0.0,0.0,140.0,4.0,966.0,853.0,90,92.900154878
500.0,0.0,0.0,140.0,4.0,966.0,853.0,180,111.400194382
500.0,0.0,0.0,140.0,4.0,966.0,853.0,3,64.100044638
500.0,0.0,0.0,140.0,4.0,966.0,853.0,14,84.90013231
500.0,0.0,0.0,140.0,4.0,966.0,853.0,28,100.000165438
500.0,0.0,0.0,140.0,4.0,966.0,853.0,56,85.099983056
500.0,0.0,0.0,140.0,4.0,966.0,853.0,90,93.800030168
500.0,0.0,0.0,140.0,4.0,966.0,853.0,180,112.699871622
500.0,0.0,0.0,140.0,4.0,966.0,853.0,3,64.900470194
500.0,0.0,0.0,140.0,4.0,966.0,853.0,14,85.800449568
500.0,0.0,0.0,140.0,4.0,966.0,853.0,28,101.00004145
500.0,0.0,0.0,140.0,4.0,966.0,853.0,56,85.89969795
500.0,0.0,0.0,140.0,4.0,966.0,853.0,90,94.700163676
500.0,0.0,0.0,140.0,4.0,966.0,853.0,180,113.99956911
500.0,0.0,0.0,140.0,4.0,966.0,853.0,3,65.700327106
500.0,0.0,0.0,140.0,4.0,966.0,853.0,14,86.69973717
500.0,0.0,0.0,140.0,4.0,966.0,853.0,28,102.000161588
500.0,0.0,0.0,140.0,4.0,966.0,853.0,56,86.700248034
500.0,0.0,0.0,140.0,4.0,966.0,853.0,90,95.599842554
500.0,0.0,0.0,140.0,4.0,966.0,853.0,180,115.30020762
500.0,0.0,0.0,140.0,4.0,966.0,853.0,3,66.5003202
500.0,0.0,0.0,140.0,4.0,966.0,853.0,14,87.599990088
500.0,0.0,0.0,140.0,4.0,966.0,853.0,28,102.999820982
500.0,0.0,0.0,140.0,4.0,966.0,853.0,56,87.500204562
500.0,0.0,0.0,140.0,4.0,966.0,853.0,90,96.499773006
500.0,0.0,0.0,140.0,4.0,966.0,853.0,180,116.599965996
500.0,0.0,0.0,140.0,4.0,966.0,853.0,3,67.300266198
500.0,0.0,0.0,140.0,4.0,966.0,853.0,14,88.500019224
500.0,0.0,0.0,140.0,4.0,966.0,853.0,28,103.999839958
500.0,0.0,0.0,140.0,4.0,966.0,853.0,56,88.300381258
500.0,0.0,0.0,140.0,4.0,966.0,853.0,90,97.400028398
500.0,0.0,0.0,140.0,4.0,966.0,853.0,180,117.89995592
500.0,0.0,0.0,140.0,4.0,966.0,853.0,3,68.100079532
500.0,0.0,0.0,140.0,4.0,966.0,853.0,14,89.400122026
500.0,0.0,0.0,140.0,4.0,966.0,853.0,28,104.999697798
500.0,0.0,0.0,140.0,4.0,966.0,853.0,56,89.099756148
500.0,0.0,0.0,140.0,4.0,966.0,853.0,90,98.300029764
500.0,0.0,0.0,140.0,4.0,966.0,853.0,180,119.199987774
500.0,0.0,0.0,140.0,4.0,966.0,853.0,3,68.899672654
500.0,0.0,0.0,140.0,4.0,966.0,853.0,14,90.30018477
500.0,0.0,0.0,140.0,4.0,966.0,853.0,28,105.99984099
500.0,0.0,0.0,140.0,4.0,966.0,853.0,56,89.900218046
500.0,0.0,0.0,140.0,4.0,966.0,853.0,90,99.19993639
500.0,0.0,0.0,140.0,4.0,966.0,853.0,180,120.50025978
500.0,0.0,0.0,140.0,4.0,966.0,853.0,3,69.700016904
500.0,0.0,0.0,140.0,4.0,966.0,853.0,14,91.20000276
500.0,0.0,0.0,140.0,4.0,966.0,853.0,28,106.99969751
500.0,0.0,0.0,140.0,4.0,966.0,853.0,56,90.699824286
500.0,0.0,0.0,140.0,4.0,966.0,853.0,90,100.0996584
500.0,0.0,0.0,140.0,4.0,966.0,853.0,180,121.800121182
500.0,0.0,0.0,140.0,4.0,966.0,853.0,3,70.49996655
500.0,0.0,0.0,140.0,4.0,966.0,853.0,14,92.099851608
500.0,0.0,0.0,140.0,4.0,966.0,853.0,28,107.999996266
500.0,0.0,0.0,140.0,4.0,966.0,853.0,56,91.500166224
500.0,0.0,0.0,140.0,4.0,966.0,853.0,90,100.999772604
500.0,0.0,0.0,140.0,4.0,966.0,853.0,180,123.10007355
500.0,0.0,0.0,140.0,4.0,966.0,853.0,3,71.299746422
500.0,0.0,0.0,140.0,4.0,966.0,853.0,14,92.999915946
500.0,0.0,0.0,140.0,4.0,966.0,853.0,28,108.999702582
500.0,0.0,0.0,140.0,4.0,966.0,853.0,56,92.299950882
500.0,0.0,0.0,140.0,4.0,966.0,853.0,90,101.900303566
500.0,0.0,0.0,140.0,4.0,966.0,853.0,180,124.399914512
500.0,0.0,0.0,140.0,4.0,966.0,853.0,3,72.099493014
500.0,0.0,0.0,140.0,4.0,966.0,853.0,14,93.89961924
500.0,0.0,0.0,140.0,4.0,966.0,853.0,28,110.00004489
500.0,0.0,0.0,140.0,4.0,966.0,853.0,56,93.10003846
500.0,0.0,0.0,140.0,4.0,966.0,853.0,90,102.79993333
500.0,0.0,0.0,140.0,4.0,966.0,853.0,180,125.699956684
500.0,0.0,0.0,140.0,4.0,966.0,853.0,3,72.899833994
500.0,0.0,0.0,140.0,4.0,966.0,853.0,14,94.79977338
500.0,0.0,0.0,140.0,4.0,966.0,853.0,28,111.000173316
500.0,0.0,0.0,140.0,4.0,966.0,853.0,56,93.899916634
500.0,0.0,0.0,140.0,4.0,966.0,853.0,90,103.699660158
500.0,0.0,0.0,140.0,4.0,966.0,853.0,180,126.999854796
500.0,0.0,0.0,140.0,4.0,966.0,853.0,3,73.699805482
500.0,0.0,0.0,140.0,4.0,966.0,853.0,14,95.699983096
500.0,0.0,0.0,140.0,4.0,966.0,853.0,28,112.00023756
500.0,0.0,0.0,140.0,4.0,966.0,853.0,56,94.70011228
500.0,0.0,0.0,140.0,4.0,966.0,853.0,90,104.599754248
500.0,0.0,0.0,140.0,4.0,966.0,853.0,180,128.299970004
500.0,0.0,0.0,140.0,4.0,966.0,853.0,3,74.499795132
500.0,0.0,0.0,140.0,4.0,966.0,853.0,14,96.59975995
500.0,0.0,0.0,140.0,4.0,966.0,853.0,28,113.000035376
500.0,0.0,0.0,140.0,4.0,966.0,853.0,56,95.500085042
500.0,0.0,0.0,140.0,4.0,966.0,853.0,90,105.499924204
500.0,0.0,0.0,140.0,4.0,966.0,853.0,180,129.599877756
500.0,0.0,0.0,140.0,4.0,966.0,853.0,3,75.299954382
500.0,0.0,0.0,140.0,4.0,966.0,853.0,14,97.499943564
500.0,0.0,0.0,140.0,4.0,966.0,853.0,28,114.000090684
500.0,0.0,0.0,140.0,4.0,966.0,853.0,56,96.30013991
500.0,0.0,0.0,140.0,4.0,966.0,853.0,90,106.4000589
500.0,0.0,0.0,140.0,4.0,966.0,853.0,180,130.900148598
500.0,0.0,0.0,140.0,4.0,966.0,853.0,3,76.099893512
500.0,0.0,0.0,140.0,4.0,966.0,853.0,14,98.39988736
500.0,0.0,0.0,140.0,4.0,966.0,853.0,28,115.00005496
500.0,0.0,0.0,140.0,4.0,966.0,853.0,56,97.100105466
500.0,0.0,0.0,140.0,4.0,966.0,853.0,90,107.299923624
500.0,0.0,0.0,140.0,4.0,966.0,853.0,180,132.199955186
500.0,0.0,0.0,140.0,4.0,966.0,853.0,3,76.899827668
500.0,0.0,0.0,140.0,4.0,966.0,853.0,14,99.299958752
500.0,0.0,0.0,140.0,4.0,966.0,853.0,28,116.000163524
500.0,0.0,0.0,140.0,4.0,966.0,853.0,56,97.899998472
500.0,0.0,0.0,140.0,4.0,966.0,853.0,90,108.199885322
500.0,0.0,0.0,140.0,4.0,966.0,853.0,180,133.500107928
500.0,0.0,0.0,140.0,4.0,966.0,853.0,3,77.699995344
500.0,0.0,0.0,140.0,4.0,966.0,853.0,14,100.199846018
500.0,0.0,0.0,140.0,4.0,966.0,853.0,28,116.999876414
500.0,0.0,0.0,140.0,4.0,966.0,853.0,56,98.700134746
500.0,0.0,0.0,140.0,4.0,966.0,853.0,90,109.099865216
500.0,0.0,0.0,140.0,4.0,966.0,853.0,180,134.800017216
500.0,0.0,0.0,140.0,4.0,966.0,853.0,3,78.49990905
500.0,0.0,0.0,140.0,4.0,966.0,853.0,14,101.09990957
500.0,0.0,0.0,140.0,4.0,966.0,853.0,28,117.999868566
500.0,0.0,0.0,140.0,4.0,966.0,853.0,56,99.499926302
500.0,0.0,0.0,140.0,4.0,966.0,853.0,90,109.999750296
500.0,0.0,0.0,140.0,4.0,966.0,853.0,180,136.100022026
500.0,0.0,0.0,140.0,4.0,966.0,853.0,3,79.300067116
500.0,0.0,0.0,140.0,4.0,966.0,853.0,14,101.999769416
500.0,0.0,0.0,140.0,4.0,966.0,853.0,28,118.999978434
500.0,0.0,0.0,140.0,4.0,966.0,853.0,56,100.299899232
500.0,0.0,0.0,140.0,4.0,966.0,853.0,90,110.899933958
500.0,0.0,0.0,140.0,4.0,966.0,853.0,180,137.399755844
500.0,0.0,0.0,140.0,4.0,966.0,853.0,3,80.100107696
500.0,0.0,0.0,140.0,4.0,966.0,853.0,14,102.899958084
500.0,0.0,0.0,140.0,4.0,966.0,853.0,28,119.999922486
500.0,0.0,0.0,140.0,4.0,966.0,853.0,56,101.100176204
500.0,0.0,0.0,140.0,4.0,966.0,853.0,90,111.80004316
500.0,0.0,0.0,140.0,4.0,966.0,853.0,180,138.700313204
500.0,0.0,0.0,140.0,4.0,966.0,853.0,3,80.89980565
500.0,0.0,0.0,140.0,4.0,966.0,853.0,14,103.799954186
500.0,0.0,0.0,140.0,4.0,966.0,853.0,28,121.00007336
500.0,0.0,0.0,140.0,4.0,966.0,853.0,56,101.899947374
500.0,0.0,0.0,140.0,4.0,966.0,853.0,90,112.69996053
500.0,0.0,0.0,140.0,4.0,966.0,853.0,180,140.000047002
500.0,0.0,0.0,140.0,4.0,966.0,853.0,3,81.699962388
500.0,0.0,0.0,140.0,4.0,966.0,853.0,14,104.69999849
500.0,0.0,0.0,140.0,4.0,966.0,853.0,28,121.999946926
500.0,0.0,0.0,140.0,4.0,966.0,853.0,56,102.69988097
500.0,0.0,0.0,140.0,4.0,966.0,853.0,90,113.600194354
500.0,0.0,0.0,140.0,4.0,966.0,853.0,180,141.299976202
500.0,0.0,0.0,140.0,4.0,966.0,853.0,3,82.500089742
500.0,0.0,0.0,140.0,4.0,966.0,853.0,14,105.600050652
500.0,0.0,0.0,140.0,4.0,966.0,853.0,28,122.99996967
500.0,0.0,0.0,140.0,4.0,966.0,853.0,56,103.50001746
500.0,0.0,0.0,140.0,4.0,966.0,853.0,90,114.50022942
500.0,0.0,0.0,140.0,4.0,966.0,853.0,180,142.599959684
500.0,0.0,0.0,140.0,4.0,966.0,853.0,3,83.299849638
500.0,0.0,0.0,140.0,4.0,966.0,853.0,14,106.499966684
500.0,0.0,0.0,140.0,4.0,966.0,853.0,28,123.999993316
500.0,0.0,0.0,140.0,4.0,966.0,853.0,56,104.299791534
500.0,0.0,0.0,140.0,4.0,966.0,853.0,90,115.40001086
500.0,0.0,0.0,140.0,4.0,966.0,853.0,180,143.9000042
500.0,0.0,0.0,140.0,4.0,966.0,853.0,3,84.1000035
500.0,0.0,0.0,140.0,4.0,966.0,853.0,14,107.39999204
500.0,0.0,0.0,140.0,4.0,966.0,853.0,28,124.99995152
500.0,0.0,0.0,140.0,4.0,966.0,853.0,56,105.099940642
500.0,0.0,0.0,140.0,4.0,966.0,853.0,90,116.29993911
500.0,0.0,0.0,140.0,4.0,966.0,853.0,180,145.19995879
500.0,0.0,0.0,140.0,4.0,966.0,853.0,3,84.89998251
500.0,0.0,0.0,140.0,4.0,966.0,853.0,14,108.30007704
500.0,0.0,0.0,140.0,4.0,966.0,853.0,28,126.00005742
500.0,0.0,0.0,140.0,4.0,966.0,853.0,56,105.899926752
500.0,0.0,0.0,140.0,4.0,966.0,853.0,90,117.19978236
500.0,0.0,0.0,140.0,4.0,966.0,853.0,180,146.49996949
500.0,0.0,0.0,140.0,4.0,966.0,853.0,3,85.69988294
500.0,0.0,0.0,140.0,4.0,966.0,853.0,14,109.19999961
500.0,0.0,0.0,140.0,4.0,966.0,853.0,28,127.00004539
500.0,0.0,0.0,140.0,4.0,966.0,853.0,56,106.69999961
500.0,0.0,0.0,140.0,4.0,966.0,853.0,90,118.09993892
500.0,0.0,0.0,140.0,4.0,966.0,853.0,180,147.79998093
500.0,0.0,0.0,140.0,4.0,966.0,853.0,3,86.49995047
500.0,0.0,0.0,140.0,4.0,966.0,853.0,14,110.09997594
500.0,0.0,0.0,140.0,4.0,966.0,853.0,28,127.99992794
500.0,0.0,0.0,140.0,4.0,966.0,853.0,56,107.49987292
500.0,0.0,0.0,140.0,4.0,966.0,853.0,90,118.99992258
500.0,0.0,0.0,140.0,4.0,966.0,853.0,180,149.09985647
500.0,0.0,0.0,140.0,4.0,966.0,853.0,3,87.29992806
500.0,0.0,0.0,140.0,4.0,966.0,853.0,14,111.00000705
500.0,0.0,0.0,140.0,4.0,966.0,853.0,28,128.99998681
500.0,0.0,0.0,140.0,4.0,966.0,853.0,56,108.29992893
500.0,0.0,0.0,140.0,4.0,966.0,853.0,90,119.89990646
500.0,0.0,0.0,140.0,4.0,966.0,853.0,180,150.39993283
500.0,0.0,0.0,140.0,4.0,966.0,853.0,3,88.09997143
500.0,0.0,0.0,140.0,4.0,966.0,853.0,14,111.89992579
500.0,0.0,0.0,140.0,4.0,966.0,853.0,28,129.99989613
500.0,0.0,0.0,140.0,4.0,966.0,853.0,56,109.09991749
500.0,0.0,0.0,140.0,4.0,966.0,853.0,90,120.79994664
500.0,0.0,0.0,140.0,4.0,966.0,853.0,180,151.69994174
500.0,0.0,0.0,140.0,4.0,966.0,853.0,3,88.89994188
500.0,0.0,0.0,140.0,4.0,966.0,853.0,14,112.79992029
500.0,0.0,0.0,140.0,4.0,966.0,853.0,28,130.99995138
500.0,0.0,0.0,140.0,4.0,966.0,853.0,56,109.89990455
500.0,0.0,0.0,140.0,4.0,966.0,853.0,90,121.69999956
500.0,0.0,0.0,140.0,4.0,966.0,853.0,180,152.99998483
500.0,0.0,0.0,140.0,4.0,966.0,853.0,3,89.69998649
500.0,0.0,0.0,140.0,4.0,966.0,853.0,14,113.70000804
500.0,0.0,0.0,140.0,4.0,966.0,853.0,28,131.99990003
500.0,0.0,0.0,140.0,4.0,966.0,853.0,56,110.69993202
500.0,0.0,0.0,140.0,4.0,966.0,853.0,90,122.59996245
500.0,0.0,0.0,140.0,4.0,966.0,853.0,180,154.29998831
500.0,0.0,0.0,140.0,4.0,966.0,853.0,3,90.49995021
500.0,0.0,0.0,140.0,4.0,966.0,853.0,14,114.59999708
500.0,0.0,0.0,140.0,4.0,966.0,853.0,28,132.99996173
500.0,0.0,0.0,140.0,4.0,966.0,853.0,56,111.49992055
500.0,0.0,0.0,140.0,4.0,966.0,853.0,90,123.49994987
500.0,0.0,0.0,140.0,4.0,966.0,853.0,180,155.59993153
500.0,0.0,0.0,140.0,4.0,966.0,853.0,3,91.29997097
500.0,0.0,0.0,140.0,4.0,966.0,853.0,14,115.49995724
500.0,0.0,0.0,140.0,4.0,966.0,853.0,28,133.99995604
500.0,0.0,0.0,140.0,4.0,966.0,853.0,56,112.29995604
500.0,0.0,0.0,140.0,4.0,966.0,853.0,90,124.39995604
500.0,0.0,0.0,140.0,4.0,966.0,853.0,180,156.89995604
500.0,0.0,0.0,140.0,4.0,966.0,853.0,3,92.09995604
500.0,0.0,0.0,140.0,4.0,966.0,853.0,14,116.39995604
500.0,0.0,0.0,140.0,4.0,966.0,853.0,28,134.99995604
500.0,0.0,0.0,140.0,4.0,966.0,853.0,56,113.09995604
500.0,0.0,0.0,140.0,4.0,966.0,853.0,90,125.29995604
500.0,0.0,0.0,140.0,4.0,966.0,853.0,180,158.19995604
500.0,0.0,0.0,140.0,4.0,966.0,853.0,3,92.89995604
500.0,0.0,0.0,140.0,4.0,966.0,853.0,14,117.29995604
500.0,0.0,0.0,140.0,4.0,966.0,853.0,28,135.99995604
500.0,0.0,0.0,140.0,4.0,966.0,853.0,56,113.89995604
500.0,0.0,0.0,140.0,4.0,966.0,853.0,90,126.19995604
500.0,0.0,0.0,140.0,4.0,966.0,853.0,180,159.49995604
500.0,0.0,0.0,140.0,4.0,966.0,853.0,3,93.69995604
500.0,0.0,0.0,140.0,4.0,966.0,853.0,14,118.19995604
500.0,0.0,0.0,140.0,4.0,966.0,853.0,28,136.99995604
500.0,0.0,0.0,140.0,4.0,966.0,853.0,56,114.69995604
500.0,0.0,0.0,140.0,4.0,966.0,853.0,90,127.09995604
500.0,0.0,0.0,140.0,4.0,966.0,853.0,180,160.79995604
500.0,0.0,0.0,140.0,4.0,966.0,853.0,3,94.49995604
500.0,0.0,0.0,140.0,4.0,966.0,853.0,14,119.09995604
500.0,0.0,0.0,140.0,4.0,966.0,853.0,28,137.99995604
500.0,0.0,0.0,140.0,4.0,966.0,853.0,56,115.49995604
500.0,0.0,0.0,140.0,4.0,966.0,853.0,90,127.99995604
500.0,0.0,0.0,140.0,4.0,966.0,853.0,180,162.09995604
500.0,0.0,0.0,140.0,4.0,966.0,853.0,3,95.29995604
500.0,0.0,0.0,140.0,4.0,966.0,853.0,14,119.99995604
500.0,0.0,0.0,140.0,4.0,966.0,853.0,28,138.99995604
500.0,0.0,0.0,140.0,4.0,966.0,853.0,56,116.29995604
500.0,0.0,0.0,140.0,4.0,966.0,853.0,90,128.89995604
500.0,0.0,0.0,140.0,4.0,966.0,853.0,180,163.39995604
500.0,0.0,0.0,140.0,4.0,966.0,853.0,3,96.09995604
500.0,0.0,0.0,140.0,4.0,966.0,853.0,14,120.89995604
500.0,0.0,0.0,140.0,4.0,966.0,853.0,28,139.99995604
500.0,0.0,0.0,140.0,4.0,966.0,853.0,56,117.09995604
500.0,0.0,0.0,140.0,4.0,966.0,853.0,90,129.79995604
500.0,0.0,0.0,140.0,4.0,966.0,853.0,180,164.69995604
500.0,0.0,0.0,140.0,4.0,966.0,853.0,3,96.89995604
500.0,0.0,0.0,140.0,4.0,966.0,853.0,14,121.79995604
500.0,0.0,0.0,140.0,4.0,966.0,853.0,28,140.99995604
500.0,0.0,0.0,140.0,4.0,966.0,853.0,56,117.89995604
500.0,0.0,0.0,140.0,4.0,966.0,853.0,90,130.69995604
500.0,0.0,0.0,140.0,4.0,966.0,853.0,180,165.99995604
500.0,0.0,0.0,140.0,4.0,966.0,853.0,3,97.69995604
500.0,0.0,0.0,140.0,4.0,966.0,853.0,14,122.69995604
500.0,0.0,0.0,140.0,4.0,966.0,853.0,28,141.99995604
500.0,0.0,0.0,140.0,4.0,966.0,853.0,56,118.69995604
500.0,0.0,0.0,140.0,4.0,966.0,853.0,90,131.59995604
500.0,0.0,0.0,140.0,4.0,966.0,853.0,180,167.29995604
500.0,0.0,0.0,140.0,4.0,966.0,853.0,3,98.49995604
500.0,0.0,0.0,140.0,4.0,966.0,853.0,14,123.59995604
500.0,0.0,0.0,140.0,4.0,966.0,853.0,28,142.99995604
500.0,0.0,0.0,140.0,4.0,966.0,853.0,56,119.49995604
500.0,0.0,0.0,140.0,4.0,966.0,853.0,90,132.49995604
500.0,0.0,0.0,140.0,4.0,966.0,853.0,180,168.59995604
500.0,0.0,0.0,140.0,4.0,966.0,853.0,3,99.29995604
500.0,0.0,0.0,140.0,4.0,966.0,853.0,14,124.49995604
500.0,0.0,0.0,140.0,4.0,966.0,853.0,28,143.99995604
500.0,0.0,0.0,140.0,4.0,966.0,853.0,56,120.29995604
500.0,0.0,0.0,140.0,4.0,966.0,853.0,90,133.39995604
500.0,0.0,0.0,140.0,4.0,966.0,853.0,180,169.89995604
500.0,0.0,0.0,140.0,4.0,966.0,853.0,3,100.09995604
500.0,0.0,0.0,140.0,4.0,966.0,853.0,14,125.39995604
500.0,0.0,0.0,140.0,4.0,966.0,853.0,28,144.99995604
500.0,0.0,0.0,140.0,4.0,966.0,853.0,56,121.09995604
500.0,0.0,0.0,140.0,4.0,966.0,853.0,90,134.29995604
500.0,0.0,0.0,140.0,4.0,966.0,853.0,180,171.19995604
500.0,0.0,0.0,140.0,4.0,966.0,853.0,3,100.89995604
500.0,0.0,0.0,140.0,4.0,966.0,853.0,14,126.29995604
500.0,0.0,0.0,140.0,4.0,966.0,853.0,28,145.99995604
500.0,0.0,0.0,140.0,4.0,966.0,853.0,56,121.89995604
500.0,0.0,0.0,140.0,4.0,966.0,853.0,90,135.19995604
500.0,0.0,0.0,140.0,4.0,966.0,853.0,180,172.49995604
500.0,0.0,0.0,140.0,4.0,966.0,853.0,3,101.69995604
500.0,0.0,0.0,140.0,4.0,966.0,853.0,14,127.19995604
500.0,0.0,0.0,140.0,4.0,966.0,853.0,28,146.99995604
500.0,0.0,0.0,140.0,4.0,966.0,853.0,56,122.69995604
500.0,0.0,0.0,140.0,4.0,966.0,853.0,90,136.09995604
500.0,0.0,0.0,140.0,4.0,966.0,853.0,180,173.79995604
500.0,0.0,0.0,140.0,4.0,966.0,853.0,3,102.49995604
500.0,0.0,0.0,140.0,4.0,966.0,853.0,14,128.09995604
500.0,0.0,0.0,140.0,4.0,966.0,853.0,28,147.99995604
500.0,0.0,0.0,140.0,4.0,966.0,853.0,56,123.49995604
500.0,0.0,0.0,140.0,4.0,966.0,853.0,90,136.99995604
500.0,0.0,0.0,140.0,4.0,966.0,853.0,180,175.09995604
500.0,0.0,0.0,140.0,4.0,966.0,853.0,3,103.29995604
500.0,0.0,0.0,140.0,4.0,966.0,853.0,14,128.99995604
500.0,0.0,0.0,140.0,4.0,966.0,853.0,28,148.99995604
500.0,0.0,0.0,140.0,4.0,966.0,853.0,56,124.29995604
500.0,0.0,0.0,140.0,4.0,966.0,853.0,90,137.89995604
500.0,0.0,0.0,140.0,4.0,966.0,853.0,180,176.39995604
500.0,0.0,0.0,140.0,4.0,966.0,853.0,3,104.09995604
500.0,0.0,0.0,140.0,4.0,966.0,853.0,14,129.89995604
500.0,0.0,0.0,140.0,4.0,966.0,853.0,28,149.99995604
500.0,0.0,0.0,140.0,4.0,966.0,853.0,56,125.09995604
500.0,0.0,0.0,140.0,4.0,966.0,853.0,90,138.79995604
500.0,0.0,0.0,140.0,4.0,966.0,853.0,180,177.69995604
500.0,0.0,0.0,140.0,4.0,966.0,853.0,3,104.89995604
500.0,0.0,0.0,140.0,4.0,966.0,853.0,14,130.79995604
500.0,0.0,0.0,140.0,4.0,966.0,853.0,28,150.99995604
500.0,0.0,0.0,140.0,4.0,966.0,853.0,56,125.89995604
500.0,0.0,0.0,140.0,4.0,966.0,853.0,90,139.69995604
500.0,0.0,0.0,140.0,4.0,966.0,853.0,180,178.99995604
500.0,0.0,0.0,140.0,4.0,966.0,853.0,3,105.69995604
500.0,0.0,0.0,140.0,4.0,966.0,853.0,14,131.69995604
500.0,0.0,0.0,140.0,4.0,966.0,853.0,28,151.99995604
500.0,0.0,0.0,140.0,4.0,966.0,853.0,56,126.69995604
500.0,0.0,0.0,140.0,4.0,966.0,853.0,90,140.59995604
500.0,0.0,0.0,140.0,4.0,966.0,853.0,180,180.29995604
500.0,0.0,0.0,140.0,4.0,966.0,853.0,3,106.49995604
500.0,0.0,0.0,140.0,4.0,966.0,853.0,14,132.59995604
500.0,0.0,0.0,140.0,4.0,966.0,853.0,28,152.99995604
500.0,0.0,0.0,140.0,4.0,966.0,853.0,56,127.49995604
500.0,0.0,0.0,140.0,4.0,966.0,853.0,90,141.49995604
500.0,0.0,0.0,140.0,4.0,966.0,853.0,180,181.59995604
500.0,0.0,0.0,140.0,4.0,966.0,853.0,3,107.29995604
500.0,0.0,0.0,140.0,4.0,966.0,853.0,14,133.49995604
500.0,0.0,0.0,140.0,4.0,966.0,853.0,28,153.99995604
500.0,0.0,0.0,140.0,4.0,966.0,853.0,56,128.29995604
500.0,0.0,0.0,140.0,4.0,966.0,853.0,90,142.39995604
500.0,0.0,0.0,140.0,4.0,966.0,853.0,180,182.89995604
500.0,0.0,0.0,140.0,4.0,966.0,853.0,3,108.09995604
500.0,0.0,0.0,140.0,4.0,966.0,853.0,14,134.39995604
500.0,0.0,0.0,140.0,4.0,966.0,853.0,28,154.99995604
500.0,0.0,0.0,140.0,4.0,966.0,853.0,56,129.09995604
500.0,0.0,0.0,140.0,4.0,966.0,853.0,90,143.29995604
500.0,0.0,0.0,140.0,4.0,966.0,853.0,180,184.19995604
500.0,0.0,0.0,140.0,4.0,966.0,853.0,3,108.89995604
500.0,0.0,0.0,140.0,4.0,966.0,853.0,14,135.29995604
500.0,0.0,0.0,140.0,4.0,966.0,853.0,28,155.99995604
500.0,0.0,0.0,140.0,4.0,966.0,853.0,56,129.89995604
500.0,0.0,0.0,140.0,4.0,966.0,853.0,90,144.19995604
500.0,0.0,0.0,140.0,4.0,966.0,853.0,180,185.49995604
500.0,0.0,0.0,140.0,4.0,966.0,853.0,3,109.69995604
500.0,0.0,0.0,140.0,4.0,966.0,853.0,14,136.19995604
500.0,0.0,0.0,140.0,4.0,966.0,853.0,28,156.99995604
500.0,0.0,0.0,140.0,4.0,966.0,853.0,56,130.69995604
500.0,0.0,0.0,140.0,4.0,966.0,853.0,90,145.09995604
500.0,0.0,0.0,140.0,4.0,966.0,853.0,180,186.79995604
500.0,0.0,0.0,140.0,4.0,966.0,853.0,3,110.49995604
500.0,0.0,0.0,140.0,4.0,966.0,853.0,14,137.09995604
500.0,0.0,0.0,140.0,4.0,966.0,853.0,28,157.99995604
500.0,0.0,0.0,140.0,4.0,966.0,853.0,56,131.49995604
500.0,0.0,0.0,140.0,4.0,966.0,853.0,90,145.99995604
500.0,0.0,0.0,140.0,4.0,966.0,853.0,180,188.09995604
500.0,0.0,0.0,140.0,4.0,966.0,853.0,3,111.29995604
500.0,0.0,0.0,140.0,4.0,966.0,853.0,14,137.99995604
500.0,0.0,0.0,140.0,4.0,966.0,853.0,28,158.99995604
500.0,0.0,0.0,140.0,4.0,966.0,853.0,56,132.29995604
500.0,0.0,0.0,140.0,4.0,966.0,853.0,90,146.89995604
500.0,0.0,0.0,140.0,4.0,966.0,853.0,180,189.39995604
500.0,0.0,0.0,140.0,4.0,966.0,853.0,3,112.09995604
500.0,0.0,0.0,140.0,4.0,966.0,853.0,14,138.89995604
500.0,0.0,0.0,140.0,4.0,966.0,853.0,28,159.99995604
500.0,0.0,0.0,140.0,4.0,966.0,853.0,56,133.09995604
500.0,0.0,0.0,140.0,4.0,966.0,853.0,90,147.79995604
500.0,0.0,0.0,140.0,4.0,966.0,853.0,180,190.69995604
500.0,0.0,0.0,140.0,4.0,966.0,853.0,3,112.89995604
500.0,0.0,0.0,140.0,4.0,966.0,853.0,14,139.79995604
500.0,0.0,0.0,140.0,4.0,966.0,853.0,28,160.99995604
500.0,0.0,0.0,140.0,4.0,966.0,853.0,56,133.89995604
500.0,0.0,0.0,140.0,4.0,966.0,853.0,90,148.69995604
500.0,0.0,0.0,140.0,4.0,966.0,853.0,180,191.99995604
500.0,0.0,0.0,140.0,4.0,966.0,853.0,3,113.69995604
500.0,0.0,0.0,140.0,4.0,966.0,853.0,14,140.69995604
500.0,0.0,0.0,140.0,4.0,966.0,853.0,28,161.99995604
500.0,0.0,0.0,140.0,4.0,966.0,853.0,56,134.69995604
500.0,0.0,0.0,140.0,4.0,966.0,853.0,90,149.59995604
500.0,0.0,0.0,140.0,4.0,966.0,853.0,180,193.29995604
500.0,0.0,0.0,140.0,4.0,966.0,853.0,3,114.49995604
500.0,0.0,0.0,140.0,4.0,966.0,853.0,14,141.59995604
500.0,0.0,0.0,140.0,4.0,966.0,853.0,28,162.99995604
500.0,0.0,0.0,140.0,4.0,966.0,853.0,56,135.49995604
500.0,0.0,0.0,140.0,4.0,966.0,853.0,90,150.49995604
500.0,0.0,0.0,140.0,4.0,966.0,853.0,180,194.59995604
500.0,0.0,0.0,140.0,4.0,966.0,853.0,3,115.29995604
500.0,0.0,0.0,140.0,4.0,966.0,853.0,14,142.49995604
500.0,0.0,0.0,140.0,4.0,966.0,853.0,28,163.99995604
500.0,0.0,0.0,140.0,4.0,966.0,853.0,56,136.29995604
500.0,0.0,0.0,140.0,4.0,966.0,853.0,90,151.39995604
500.0,0.0,0.0,140.0,4.0,966.0,853.0,180,195.89995604
500.0,0.0,0.0,140.0,4.0,966.0,853.0,3,116.09995604
500.0,0.0,0.0,140.0,4.0,966.0,853.0,14,143.39995604
500.0,0.0,0.0,140.0,4.0,966.0,853.0,28,164.99995604
500.0,0.0,0.0,140.0,4.0,966.0,853.0,56,137.09995604
500.0,0.0,0.0,140.0,4.0,966.0,853.0,90,152.29995604
500.0,0.0,0.0,140.0,4.0,966.0,853.0,180,197.19995604
500.0,0.0,0.0,140.0,4.0,966.0,853.0,3,116.89995604
500.0,0.0,0.0,140.0,4.0,966.0,853.0,14,144.29995604
500.0,0.0,0.0,140.0,4.0,966.0,853.0,28,165.99995604
500.0,0.0,0.0,140.0,4.0,966.0,853.0,56,137.89995604
500.0,0.0,0.0,140.0,4.0,966.0,853.0,90,153.19995604
500.0,0.0,0.0,140.0,4.0,966.0,853.0,180,198.49995604
500.0,0.0,0.0,140.0,4.0,966.0,853.0,3,117.69995604
500.0,0.0,0.0,140.0,4.0,966.0,853.0,14,145.19995604
500.0,0.0,0.0,140.0,4.0,966.0,853.0,28,166.99995604
500.0,0.0,0.0,140.0,4.0,966.0,853.0,56,138.69995604
500.0,0.0,0.0,140.0,4.0,966.0,853.0,90,154.09995604
500.0,0.0,0.0,140.0,4.0,966.0,853.0,180,199.79995604
500.0,0.0,0.0,140.0,4.0,966.0,853.0,3,118.49995604
500.0,0.0,0.0,140.0,4.0,966.0,853.0,14,146.09995604
500.0,0.0,0.0,140.0,4.0,966.0,853.0,28,167.99995604
500.0,0.0,0.0,140.0,4.0,966.0,853.0,56,139.49995604
500.0,0.0,0.0,140.0,4.0,966.0,853.0,90,154.99995604
500.0,0.0,0.0,140.0,4.0,966.0,853.0,180,201.09995604
500.0,0.0,0.0,140.0,4.0,966.0,853.0,3,119.29995604
500.0,0.0,0.0,140.0,4.0,966.0,853.0,14,146.99995604
500.0,0.0,0.0,140.0,4.0,966.0,853.0,28,168.99995604
500.0,0.0,0.0,140.0,4.0,966.0,853.0,56,140.29995604
500.0,0.0,0.0,140.0,4.0,966.0,853.0,90,155.89995604
500.0,0.0,0.0,140.0,4.0,966.0,853.0,180,202.39995604
500.0,0.0,0.0,140.0,4.0,966.0,853.0,3,120.09995604
500.0,0.0,0.0,140.0,4.0,966.0,853.0,14,147.89995604
500.0,0.0,0.0,140.0,4.0,966.0,853.0,28,169.99995604
500.0,0.0,0.0,140.0,4.0,966.0,853.0,56,141.09995604
500.0,0.0,0.0,140.0,4.0,966.0,853.0,90,156.79995604
500.0,0.0,0.0,140.0,4.0,966.0,853.0,180,203.69995604
500.0,0.0,0.0,140.0,4.0,966.0,853.0,3,120.89995604
500.0,0.0,0.0,140.0,4.0,966.0,853.0,14,148.79995604
500.0,0.0,0.0,140.0,4.0,966.0,853.0,28,170.99995604
500.0,0.0,0.0,140.0,4.0,966.0,853.0,56,141.89995604
500.0,0.0,0.0,140.0,4.0,966.0,853.0,90,157.69995604
500.0,0.0,0.0,140.0,4.0,966.0,853.0,180,204.99995604
500.0,0.0,0.0,140.0,4.0,966.0,853.0,3,121.69995604
500.0,0.0,0.0,140.0,4.0,966.0,853.0,14,149.69995604
500.0,0.0,0.0,140.0,4.0,966.0,853.0,28,171.99995604
500.0,0.0,0.0,140.0,4.0,966.0,853.0,56,142.69995604
500.0,0.0,0.0,140.0,4.0,966.0,853.0,90,158.59995604
500.0,0.0,0.0,140.0,4.0,966.0,853.0,180,206.29995604
500.0,0.0,0.0,140.0,4.0,966.0,853.0,3,122.49995604
500.0,0.0,0.0,140.0,4.0,966.0,853.0,14,150.59995604
500.0,0.0,0.0,140.0,4.0,966.0,853.0,28,172.99995604
500.0,0.0,0.0,140.0,4.0,966.0,853.0,56,143.49995604
500.0,0.0,0.0,140.0,4.0,966.0,853.0,90,159.49995604
500.0,0.0,0.0,140.0,4.0,966.0,853.0,180,207.59995604
500.0,0.0,0.0,140.0,4.0,966.0,853.0,3,123.29995604
500.0,0.0,0.0,140.0,4.0,966.0,853.0,14,151.49995604
500.0,0.0,0.0,140.0,4.0,966.0,853.0,28,173.99995604
500.0,0.0,0.0,140.0,4.0,966.0,853.0,56,144.29995604
500.0,0.0,0.0,140.0,4.0,966.0,853.0,90,160.39995604
500.0,0.0,0.0,140.0,4.0,966.0,853.0,180,208.89995604
500.0,0.0,0.0,140.0,4.0,966.0,853.0,3,124.09995604
500.0,0.0,0.0,140.0,4.0,966.0,853.0,14,152.39995604
500.0,0.0,0.0,140.0,4.0,966.0,853.0,28,174.99995604
500.0,0.0,0.0,140.0,4.0,966.0,853.0,56,145.09995604
500.0,0.0,0.0,140.0,4.0,966.0,853.0,90,161.29995604
500.0,0.0,0.0,140.0,4.0,966.0,853.0,180,210.19995604
500.0,0.0,0.0,140.0,4.0,966.0,853.0,3,124.89995604
500.0,0.0,0.0,140.0,4.0,966.0,853.0,14,153.29995604
500.0,0.0,0.0,140.0,4.0,966.0,853.0,28,175.99995604
500.0,0.0,0.0,140.0,4.0,966.0,853.0,56,145.89995604
500.0,0.0,0.0,140.0,4.0,966.0,853.0,90,162.19995604
500.0,0.0,0.0,140.0,4.0,966.0,853.0,180,211.49995604
500.0,0.0,0.0,140.0,4.0,966.0,853.0,3,125.69995604
500.0,0.0,0.0,140.0,4.0,966.0,853.0,14,154.19995604
500.0,0.0,0.0,140.0,4.0,966.0,853.0,28,176.99995604
500.0,0.0,0.0,140.0,4.0,966.0,853.0,56,146.69995604
500.0,0.0,0.0,140.0,4.0,966.0,853.0,90,163.09995604
500.0,0.0,0.0,140.0,4.0,966.0,853.0,180,212.79995604
500.0,0.0,0.0,140.0,4.0,966.0,853.0,3,126.49995604
500.0,0.0,0.0,140.0,4.0,966.0,853.0,14,155.09995604
500.0,0.0,0.0,140.0,4.0,966.0,853.0,28,177.99995604
500.0,0.0,0.0,140.0,4.0,966.0,853.0,56,147.49995604
500.0,0.0,0.0,140.0,4.0,966.0,853.0,90,163.99995604
500.0,0.0,0.0,140.0,4.0,966.0,853.0,180,214.09995604
500.0,0.0,0.0,140.0,4.0,966.0,853.0,3,127.29995604
500.0,0.0,0.0,140.0,4.0,966.0,853.0,14,155.99995604
500.0,0.0,0.0,140.0,4.0,966.0,853.0,28,178.99995604
500.0,0.0,0.0,140.0,4.0,966.0,853.0,56,148.29995604
500.0,0.0,0.0,140.0,4.0,966.0,853.0,90,164.89995604
500.0,0.0,0.0,140.0,4.0,966.0,853.0,180,215.39995604
500.0,0.0,0.0,140.0,4.0,966.0,853.0,3,128.09995604
500.0,0.0,0.0,140.0,4.0,966.0,853.0,14,156.89995604
500.0,0.0,0.0,140.0,4.0,966.0,853.0,28,179.99995604
500.0,0.0,0.0,140.0,4.0,966.0,0.0,90,0.0
